#NOM?;ISIN CODE;Q1 2010;Q1 2011;Q1 2012;Q1 2013;Q1 2014;Q1 2015;Q1 2016;Q1 2017;Q1 2018;Q1 2019;Q1 2020;Q1 2021;Q1 2022;Q1 2023;Q1 2024
AMAZON.COM - EARNINGS PER SHARE-REPRT DT-Q1;US0231351067;22.04.10;26.04.11;26.04.12;25.04.13;24.04.14;23.04.15;29.04.16;27.04.17;26.04.18;25.04.19;30.04.20;29.04.21;28.04.22;27.04.23;30.04.24
ABBOTT LABORATORIES - EARNINGS PER SHARE-REPRT DT-Q1;US0028241000;21.04.10;20.04.11;18.04.12;17.04.13;16.04.14;22.04.15;20.04.16;19.04.17;18.04.18;17.04.19;16.04.20;20.04.21;20.04.22;19.04.23;17.04.24
AES CORP - EARNINGS PER SHARE-REPRT DT-Q1;US00130H1059;07.05.10;09.05.11;04.05.12;25.04.13;08.05.14;11.05.15;09.05.16;08.05.17;08.05.18;07.05.19;07.05.20;06.05.21;05.05.22;04.05.23;02.05.24
INT'L BUSINESS MACHS - EARNINGS PER SHARE-REPRT DT-Q1;US4592001014;19.04.10;19.04.11;17.04.12;18.04.13;16.04.14;20.04.15;18.04.16;18.04.17;17.04.18;16.04.19;20.04.20;19.04.21;19.04.22;19.04.23;24.04.24
ADVANCED MICRO - EARNINGS PER SHARE-REPRT DT-Q1;US0079031078;14.04.10;21.04.11;19.04.12;18.04.13;17.04.14;16.04.15;28.04.16;01.05.17;25.04.18;30.04.19;28.04.20;27.04.21;03.05.22;02.05.23;30.04.24
ADOBE (NAS) - EARNINGS PER SHARE-REPRT DT-Q1;US00724F1012;23.03.10;22.03.11;19.03.12;19.03.13;18.03.14;17.03.15;17.03.16;16.03.17;15.03.18;14.03.19;12.03.20;23.03.21;22.03.22;15.03.23;14.03.24
ALEXANDRIA REAL ESTATE EQUITIES REIT - EARNINGS PER SHARE-REPRT DT-Q1;US0152711091;30.04.10;04.05.11;01.05.12;29.04.13;05.05.14;27.04.15;04.05.16;01.05.17;30.04.18;30.04.19;27.04.20;26.04.21;25.04.22;24.04.23;22.04.24
AIR PRDS.& CHEMS. - EARNINGS PER SHARE-REPRT DT-Q1;US0091581068;22.04.10;21.04.11;24.04.12;23.04.13;23.04.14;30.04.15;28.04.16;27.04.17;26.04.18;24.04.19;23.04.20;10.05.21;05.05.22;09.05.23;30.04.24
BXP INC - EARNINGS PER SHARE-REPRT DT-Q1;US1011211018;27.04.10;02.05.11;02.05.12;30.04.13;29.04.14;27.04.15;26.04.16;25.04.17;24.04.18;30.04.19;28.04.20;27.04.21;02.05.22;25.04.23;30.04.24
ALLSTATE CORP - EARNINGS PER SHARE-REPRT DT-Q1;US0200021014;28.04.10;27.04.11;02.05.12;01.05.13;06.05.14;05.05.15;04.05.16;02.05.17;01.05.18;01.05.19;05.05.20;05.05.21;04.05.22;03.05.23;01.05.24
HONEYWELL INTERNATNL - EARNINGS PER SHARE-REPRT DT-Q1;US4385161066;23.04.10;20.04.11;20.04.12;19.04.13;17.04.14;17.04.15;22.04.16;21.04.17;20.04.18;18.04.19;01.05.20;23.04.21;29.04.22;27.04.23;25.04.24
AMGEN INC - EARNINGS PER SHARE-REPRT DT-Q1;US0311621009;21.04.10;20.04.11;24.04.12;23.04.13;22.04.14;21.04.15;02.05.16;26.04.17;24.04.18;30.04.19;30.04.20;27.04.21;27.04.22;27.04.23;02.05.24
AMERICAN EXPRESS CO - EARNINGS PER SHARE-REPRT DT-Q1;US0258161092;22.04.10;20.04.11;18.04.12;17.04.13;16.04.14;16.04.15;20.04.16;19.04.17;18.04.18;18.04.19;24.04.20;23.04.21;22.04.22;20.04.23;05.04.24
AMERICAN ELECTRIC - EARNINGS PER SHARE-REPRT DT-Q1;US0255371017;29.04.10;21.04.11;20.04.12;26.04.13;25.04.14;23.04.15;28.04.16;28.04.17;26.04.18;25.04.19;06.05.20;22.04.21;28.04.22;04.05.23;30.04.24
AFLAC INC - EARNINGS PER SHARE-REPRT DT-Q1;US0010551028;27.04.10;27.04.11;24.04.12;24.04.13;29.04.14;28.04.15;26.04.16;27.04.17;25.04.18;25.04.19;29.04.20;28.04.21;27.04.22;26.04.23;01.05.24
AMERICAN INT'L GROUP - EARNINGS PER SHARE-REPRT DT-Q1;US0268747849;07.05.10;05.05.11;03.05.12;02.05.13;05.05.14;30.04.15;02.05.16;04.05.17;02.05.18;06.05.19;04.05.20;06.05.21;03.05.22;05.05.23;01.05.24
ANALOG DEVICES, INC. - EARNINGS PER SHARE-REPRT DT-Q1;US0326541051;17.02.10;15.02.11;22.02.12;19.02.13;18.02.14;17.02.15;17.02.16;15.02.17;28.02.18;20.02.19;19.02.20;17.02.21;16.02.22;15.02.23;21.02.24
VALERO ENERGY CORP - EARNINGS PER SHARE-REPRT DT-Q1;US91913Y1001;27.04.10;26.04.11;01.05.12;30.04.13;29.04.14;28.04.15;05.05.16;25.04.17;26.04.18;25.04.19;29.04.20;22.04.21;26.04.22;27.04.23;25.04.24
COMCAST A - EARNINGS PER SHARE-REPRT DT-Q1;US20030N1019;28.04.10;03.05.11;02.05.12;01.05.13;22.04.14;04.05.15;27.04.16;27.04.17;25.04.18;25.04.19;30.04.20;29.04.21;28.04.22;27.04.23;25.04.24
APPLE - EARNINGS PER SHARE-REPRT DT-Q1;US0378331005;20.04.10;20.04.11;24.04.12;23.04.13;23.04.14;27.04.15;26.04.16;02.05.17;01.05.18;30.04.19;30.04.20;28.04.21;28.04.22;04.05.23;02.05.24
APPLIED MATS. - EARNINGS PER SHARE-REPRT DT-Q1;US0382221051;17.02.10;24.02.11;16.02.12;13.02.13;12.02.14;19.02.15;18.02.16;15.02.17;14.02.18;14.02.19;12.02.20;18.02.21;16.02.22;16.02.23;15.02.24
ALBEMARLE - EARNINGS PER SHARE-REPRT DT-Q1;US0126531013;26.04.10;19.04.11;18.04.12;17.04.13;16.04.14;07.05.15;10.05.16;03.05.17;09.05.18;08.05.19;06.05.20;05.05.21;04.05.22;03.05.23;01.05.24
ARCHER DANIELS MIDL - EARNINGS PER SHARE-REPRT DT-Q1;US0394831020;04.05.10;03.05.11;01.05.12;02.05.13;29.04.14;05.05.15;03.05.16;02.05.17;01.05.18;26.04.19;29.04.20;27.04.21;26.04.22;25.04.23;30.04.24
PINNACLE WEST CAPTL - EARNINGS PER SHARE-REPRT DT-Q1;US7234841010;06.05.10;29.04.11;03.05.12;03.05.13;02.05.14;01.05.15;29.04.16;02.05.17;02.05.18;01.05.19;08.05.20;05.05.21;04.05.22;04.05.23;02.05.24
AMEREN CORPORATION - EARNINGS PER SHARE-REPRT DT-Q1;US0236081024;05.05.10;05.05.11;04.05.12;03.05.13;08.05.14;07.05.15;10.05.16;04.05.17;09.05.18;09.05.19;11.05.20;10.05.21;05.05.22;04.05.23;02.05.24
AUTODESK - EARNINGS PER SHARE-REPRT DT-Q1;US0527691069;19.05.10;19.05.11;17.05.12;16.05.13;15.05.14;19.05.15;19.05.16;18.05.17;24.05.18;23.05.19;27.05.20;27.05.21;26.05.22;25.05.23;10.06.24
AUTOMATIC DATA PROC. - EARNINGS PER SHARE-REPRT DT-Q1;US0530151036;27.04.10;02.05.11;01.05.12;03.05.13;30.04.14;30.04.15;28.04.16;02.05.17;02.05.18;01.05.19;29.04.20;28.04.21;27.04.22;26.04.23;01.05.24
AUTOZONE - EARNINGS PER SHARE-REPRT DT-Q1;US0533321024;02.03.10;01.03.11;28.02.12;26.02.13;04.03.14;03.03.15;22.03.16;28.02.17;27.02.18;26.02.19;03.03.20;02.03.21;01.03.22;28.02.23;27.02.24
AVERY DENNISON CORP - EARNINGS PER SHARE-REPRT DT-Q1;US0536111091;27.04.10;27.04.11;25.04.12;24.04.13;23.04.14;29.04.15;27.04.16;25.04.17;25.04.18;24.04.19;29.04.20;28.04.21;26.04.22;26.04.23;24.04.24
BALL CORPORATION - EARNINGS PER SHARE-REPRT DT-Q1;US0584981064;29.04.10;27.04.11;26.04.12;25.04.13;01.05.14;30.04.15;28.04.16;04.05.17;03.05.18;02.05.19;07.05.20;06.05.21;05.05.22;04.05.23;26.04.24
BERKSHIRE HATHAWAY - EARNINGS PER SHARE-REPRT DT-Q1;US0846707026;07.05.10;30.04.11;04.05.12;03.05.13;02.05.14;01.05.15;06.05.16;05.05.17;07.05.18;06.05.19;04.05.20;03.05.21;02.05.22;08.05.23;06.05.24
BAXTER INTERNATIONAL - EARNINGS PER SHARE-REPRT DT-Q1;US0718131099;22.04.10;21.04.11;19.04.12;18.04.13;17.04.14;23.04.15;26.04.16;26.04.17;26.04.18;25.04.19;30.04.20;29.04.21;28.04.22;27.04.23;02.05.24
BECTON, DICKINSON - EARNINGS PER SHARE-REPRT DT-Q1;US0758871091;29.04.10;26.04.11;01.05.12;02.05.13;01.05.14;07.05.15;05.05.16;01.05.17;03.05.18;09.05.19;07.05.20;06.05.21;05.05.22;04.05.23;02.05.24
AMETEK INC - EARNINGS PER SHARE-REPRT DT-Q1;US0311001004;27.04.10;28.04.11;26.04.12;26.04.13;06.05.14;29.04.15;28.04.16;02.05.17;02.05.18;01.05.19;05.05.20;04.05.21;03.05.22;02.05.23;02.05.24
VERIZON COMMUNICATNS - EARNINGS PER SHARE-REPRT DT-Q1;US92343V1044;22.04.10;21.04.11;19.04.12;18.04.13;24.04.14;21.04.15;28.04.16;20.04.17;24.04.18;23.04.19;24.04.20;21.04.21;22.04.22;25.04.23;22.04.24
W R BERKLEY CORP - EARNINGS PER SHARE-REPRT DT-Q1;US0844231029;26.04.10;25.04.11;23.04.12;23.04.13;22.04.14;27.04.15;26.04.16;24.04.17;24.04.18;23.04.19;21.04.20;20.04.21;25.04.22;20.04.23;23.04.24
BEST BUY CO INC - EARNINGS PER SHARE-REPRT DT-Q1;US0865161014;25.03.10;24.03.11;22.05.12;21.05.13;22.05.14;21.05.15;24.05.16;05.06.17;24.05.18;23.05.19;21.05.20;27.05.21;24.05.22;25.05.23;30.05.24
YUM! BRANDS INC - EARNINGS PER SHARE-REPRT DT-Q1;US9884981013;14.04.10;20.04.11;18.04.12;23.04.13;22.04.14;21.04.15;20.04.16;03.05.17;02.05.18;01.05.19;29.04.20;28.04.21;04.05.22;03.05.23;01.05.24
FIRSTENERGY - EARNINGS PER SHARE-REPRT DT-Q1;US3379321074;04.05.10;02.05.11;01.05.12;07.05.13;06.05.14;01.05.15;26.04.16;27.04.17;23.04.18;23.04.19;23.04.20;22.04.21;21.04.22;27.04.23;25.04.24
BOEING - EARNINGS PER SHARE-REPRT DT-Q1;US0970231058;21.04.10;27.04.11;25.04.12;24.04.13;23.04.14;22.04.15;27.04.16;25.04.17;25.04.18;24.04.19;29.04.20;28.04.21;27.04.22;26.04.23;24.04.24
BOSTON SCIENTIFIC - EARNINGS PER SHARE-REPRT DT-Q1;US1011371077;26.04.10;20.04.11;19.04.12;25.04.13;29.04.14;28.04.15;04.05.16;27.04.17;25.04.18;24.04.19;29.04.20;28.04.21;27.04.22;26.04.23;24.04.24
CH ROBINSON WWD. - EARNINGS PER SHARE-REPRT DT-Q1;US12541W2098;21.04.10;26.04.11;24.04.12;07.05.13;29.04.14;27.04.15;26.04.16;25.04.17;01.05.18;30.04.19;28.04.20;27.04.21;27.04.22;26.04.23;01.05.24
TAKE - EARNINGS PER SHARE-REPRT DT-Q1;US8740541094;03.03.10;24.05.11;22.05.12;13.05.13;13.05.14;18.05.15;18.05.16;23.05.17;16.05.18;14.05.19;20.05.20;18.05.21;16.05.22;17.05.23;16.05.24
METTLE - OLEDO INT'L - EARNINGS PER SHARE-REPRT DT-Q1;US5926881054;29.04.10;05.05.11;03.05.12;02.05.13;08.05.14;08.05.15;06.05.16;04.05.17;03.05.18;09.05.19;07.05.20;06.05.21;06.05.22;05.05.23;09.05.24
BRISTO - YERS SQUIBB - EARNINGS PER SHARE-REPRT DT-Q1;US1101221083;29.04.10;28.04.11;26.04.12;25.04.13;29.04.14;28.04.15;28.04.16;27.04.17;26.04.18;25.04.19;07.05.20;29.04.21;29.04.22;27.04.23;25.04.24
ONEOK - EARNINGS PER SHARE-REPRT DT-Q1;US6826801036;29.04.10;03.05.11;01.05.12;30.04.13;06.05.14;05.05.15;04.05.16;02.05.17;01.05.18;30.04.19;28.04.20;27.04.21;03.05.22;02.05.23;30.04.24
AVALONBAY COMMNS. - EARNINGS PER SHARE-REPRT DT-Q1;US0534841012;28.04.10;27.04.11;25.04.12;30.04.13;23.04.14;28.04.15;03.05.16;27.04.17;26.04.18;25.04.19;08.05.20;29.04.21;28.04.22;26.04.23;26.04.24
UNITED RENTALS - EARNINGS PER SHARE-REPRT DT-Q1;US9113631090;21.04.10;19.04.11;17.04.12;16.04.13;16.04.14;21.04.15;20.04.16;19.04.17;18.04.18;17.04.19;29.04.20;28.04.21;27.04.22;26.04.23;24.04.24
SEMPRA - EARNINGS PER SHARE-REPRT DT-Q1;US8168511090;04.05.10;09.05.11;03.05.12;02.05.13;02.05.14;05.05.15;04.05.16;09.05.17;07.05.18;07.05.19;04.05.20;05.05.21;05.05.22;04.05.23;07.05.24
FEDEX CORP - EARNINGS PER SHARE-REPRT DT-Q1;US31428X1063;18.03.10;17.03.11;22.03.12;20.03.13;19.03.14;19.03.15;17.03.16;21.03.17;20.03.18;19.03.19;17.03.20;18.03.21;17.03.22;16.03.23;21.03.24
VERISIGN, INC - EARNINGS PER SHARE-REPRT DT-Q1;US92343E1029;28.04.10;28.04.11;26.04.12;25.04.13;24.04.14;23.04.15;28.04.16;27.04.17;26.04.18;25.04.19;23.04.20;22.04.21;28.04.22;27.04.23;25.04.24
AMPHENOL CORP - EARNINGS PER SHARE-REPRT DT-Q1;US0320951017;20.04.10;20.04.11;18.04.12;18.04.13;23.04.14;22.04.15;20.04.16;25.04.17;25.04.18;24.04.19;22.04.20;28.04.21;27.04.22;26.04.23;24.04.24
BROWN-FORMAN CORP - ORMAN CORP - EARNINGS PER SHARE-REPRT DT-Q1;US1156372096;10.03.10;08.03.11;07.03.12;06.03.13;05.03.14;04.03.15;02.03.16;07.03.17;07.03.18;06.03.19;04.03.20;03.03.21;03.03.22;08.03.23;06.03.24
QUANTA SERVICES, INC - EARNINGS PER SHARE-REPRT DT-Q1;US74762E1029;05.05.10;04.05.11;03.05.12;02.05.13;01.05.14;30.04.15;10.05.16;04.05.17;03.05.18;02.05.19;07.05.20;06.05.21;05.05.22;04.05.23;02.05.24
CSX CORP - EARNINGS PER SHARE-REPRT DT-Q1;US1264081035;13.04.10;19.04.11;17.04.12;16.04.13;15.04.14;14.04.15;12.04.16;19.04.17;17.04.18;16.04.19;22.04.20;20.04.21;20.04.22;20.04.23;17.04.24
COTERRA ENERGY INC - EARNINGS PER SHARE-REPRT DT-Q1;US1270971039;28.04.10;27.04.11;25.04.12;25.04.13;24.04.14;24.04.15;29.04.16;28.04.17;27.04.18;26.04.19;30.04.20;29.04.21;02.05.22;04.05.23;02.05.24
CAMPBELL'S CO - EARNINGS PER SHARE-REPRT DT-Q1;US1344291091;22.02.10;18.02.11;17.02.12;15.02.13;14.02.14;25.02.15;25.02.16;17.02.17;16.02.18;27.02.19;04.03.20;10.03.21;09.03.22;08.03.23;06.03.24
CAMDEN PROPERTY - EARNINGS PER SHARE-REPRT DT-Q1;US1331311027;06.05.10;29.04.11;26.04.12;02.05.13;06.05.14;30.04.15;28.04.16;04.05.17;03.05.18;02.05.19;08.05.20;29.04.21;28.04.22;27.04.23;02.05.24
CONSTELLATION BRANDS 'A' - EARNINGS PER SHARE-REPRT DT-Q1;US21036P1084;09.04.10;07.04.11;05.04.12;10.04.13;09.04.14;09.04.15;06.04.16;06.04.17;29.03.18;04.04.19;03.04.20;08.04.21;04.07.22;06.04.23;11.04.24
CARDINAL HEALTH - EARNINGS PER SHARE-REPRT DT-Q1;US14149Y1082;29.04.10;28.04.11;03.05.12;02.05.13;01.05.14;05.05.15;28.04.16;30.04.17;03.05.18;09.05.19;11.05.20;06.05.21;05.05.22;04.05.23;02.05.24
CATERPILLAR - EARNINGS PER SHARE-REPRT DT-Q1;US1491231015;26.04.10;29.04.11;25.04.12;22.04.13;24.04.14;23.04.15;22.04.16;25.04.17;24.04.18;24.04.19;28.04.20;29.04.21;28.04.22;27.04.23;25.04.24
JP MORGAN CHASE & CO. - EARNINGS PER SHARE-REPRT DT-Q1;US46625H1005;14.04.10;13.04.11;13.04.12;12.04.13;11.04.14;14.04.15;13.04.16;13.04.17;13.04.18;12.04.19;14.04.20;14.04.21;13.04.22;14.04.23;12.04.24
CHURCH & DWIGHT CO - EARNINGS PER SHARE-REPRT DT-Q1;US1713401024;11.05.10;06.05.11;04.05.12;02.05.13;01.05.14;07.05.15;05.05.16;04.05.17;03.05.18;02.05.19;30.04.20;29.04.21;28.04.22;27.04.23;02.05.24
CINCINNATI FINL CORP - EARNINGS PER SHARE-REPRT DT-Q1;US1720621010;29.04.10;27.04.11;26.04.12;25.04.13;24.04.14;28.04.15;26.04.16;26.04.17;25.04.18;24.04.19;27.04.20;28.04.21;28.04.22;27.04.23;25.04.24
CINTAS CORP - EARNINGS PER SHARE-REPRT DT-Q1;US1729081059;18.03.10;22.03.11;20.03.12;19.03.13;19.03.14;18.03.15;22.03.16;22.03.17;22.03.18;21.03.19;19.03.20;17.03.21;23.03.22;29.03.23;27.03.24
CISCO SYSTEMS - EARNINGS PER SHARE-REPRT DT-Q1;US17275R1023;03.02.10;09.02.11;08.02.12;13.02.13;12.02.14;11.02.15;10.02.16;15.02.17;14.02.18;13.02.19;12.02.20;09.02.21;16.02.22;15.02.23;14.02.24
CLOROX - EARNINGS PER SHARE-REPRT DT-Q1;US1890541097;03.05.10;03.05.11;02.05.12;01.05.13;01.05.14;01.05.15;03.05.16;03.05.17;02.05.18;01.05.19;01.05.20;30.04.21;02.05.22;02.05.23;30.04.24
COCA COLA - OLA - EARNINGS PER SHARE-REPRT DT-Q1;US1912161007;30.04.10;26.04.11;17.04.12;16.04.13;15.04.14;22.04.15;20.04.16;24.04.17;24.04.18;23.04.19;21.04.20;19.04.21;25.04.22;24.04.23;30.04.24
COPART INC - EARNINGS PER SHARE-REPRT DT-Q1;US2172041061;02.03.10;02.03.11;28.02.12;28.02.13;25.02.14;26.02.15;23.02.16;21.02.17;26.02.18;21.02.19;19.02.20;18.02.21;16.02.22;20.02.23;22.02.24
COLGATE-PALMOLIVE CO - ALMOLIVE CO - EARNINGS PER SHARE-REPRT DT-Q1;US1941621039;29.04.10;28.04.11;26.04.12;25.04.13;25.04.14;30.04.15;28.04.16;28.04.17;27.04.18;26.04.19;01.05.20;30.04.21;29.04.22;28.04.23;26.04.24
MARRIOTT INT'L - EARNINGS PER SHARE-REPRT DT-Q1;US5719032022;23.04.10;20.04.11;18.04.12;01.05.13;29.04.14;29.04.15;27.04.16;08.05.17;08.05.18;10.05.19;11.05.20;10.05.21;04.05.22;02.05.23;01.05.24
MOLINA HEALTHCARE - EARNINGS PER SHARE-REPRT DT-Q1;US60855R1005;05.05.10;18.04.11;30.04.12;25.04.13;01.05.14;07.05.15;28.04.16;02.05.17;30.04.18;29.04.19;30.04.20;28.04.21;27.04.22;26.04.23;24.04.24
NRG ENERGY INC. - EARNINGS PER SHARE-REPRT DT-Q1;US6293775085;11.05.10;05.05.11;03.05.12;07.05.13;06.05.14;08.05.15;05.05.16;02.05.17;03.05.18;02.05.19;07.05.20;06.05.21;06.05.22;04.05.23;07.05.24
CONAGRA BRANDS INC - EARNINGS PER SHARE-REPRT DT-Q1;US2058871029;25.03.10;24.03.11;22.03.12;03.04.13;20.03.14;26.03.15;07.04.16;23.03.17;22.03.18;21.03.19;31.03.20;08.04.21;04.07.22;05.04.23;04.04.24
CONSOLIDATED EDISON - EARNINGS PER SHARE-REPRT DT-Q1;US2091151041;06.05.10;05.05.11;03.05.12;02.05.13;08.05.14;07.05.15;06.05.16;04.05.17;03.05.18;02.05.19;07.05.20;06.05.21;05.05.22;04.05.23;02.05.24
CMS ENERGY CORP - EARNINGS PER SHARE-REPRT DT-Q1;US1258961002;23.04.10;28.04.11;26.04.12;25.04.13;24.04.14;23.04.15;28.04.16;30.04.17;26.04.18;25.04.19;27.04.20;29.04.21;03.05.22;27.04.23;25.04.24
CORNING INCORPORATED - EARNINGS PER SHARE-REPRT DT-Q1;US2193501051;28.04.10;27.04.11;25.04.12;24.04.13;28.04.14;28.04.15;26.04.16;25.04.17;24.04.18;30.04.19;28.04.20;27.04.21;26.04.22;25.04.23;30.04.24
CUMMINS INC - EARNINGS PER SHARE-REPRT DT-Q1;US2310211063;27.04.10;26.04.11;01.05.12;30.04.13;29.04.14;28.04.15;03.05.16;02.05.17;01.05.18;30.04.19;28.04.20;04.05.21;03.05.22;02.05.23;02.05.24
D R HORTON - EARNINGS PER SHARE-REPRT DT-Q1;US23331A1097;30.04.10;29.04.11;23.04.12;26.04.13;24.04.14;22.04.15;21.04.16;20.04.17;26.04.18;25.04.19;28.04.20;22.04.21;26.04.22;20.04.23;18.04.24
DANAHER - EARNINGS PER SHARE-REPRT DT-Q1;US2358511028;22.04.10;20.04.11;19.04.12;18.04.13;16.04.14;23.04.15;21.04.16;20.04.17;19.04.18;18.04.19;06.05.20;22.04.21;21.04.22;25.04.23;23.04.24
MOODY'S - EARNINGS PER SHARE-REPRT DT-Q1;US6153691059;21.04.10;27.04.11;26.04.12;03.05.13;25.04.14;01.05.15;29.04.16;05.05.17;27.04.18;24.04.19;30.04.20;28.04.21;02.05.22;25.04.23;02.05.24
COGNIZANT TECH.SLTN.'A' - EARNINGS PER SHARE-REPRT DT-Q1;US1924461023;04.05.10;03.05.11;07.05.12;08.05.13;07.05.14;04.05.15;06.05.16;04.05.17;07.05.18;02.05.19;07.05.20;05.05.21;04.05.22;03.05.23;01.05.24
TARGET CORP - EARNINGS PER SHARE-REPRT DT-Q1;US87612E1064;19.05.10;18.05.11;16.05.12;22.05.13;21.05.14;20.05.15;18.05.16;17.05.17;23.05.18;22.05.19;20.05.20;19.05.21;18.05.22;17.05.23;22.05.24
DEERE & CO - EARNINGS PER SHARE-REPRT DT-Q1;US2441991054;17.02.10;16.02.11;15.02.12;13.02.13;12.02.14;20.02.15;19.02.16;17.02.17;16.02.18;15.02.19;21.02.20;19.02.21;18.02.22;17.02.23;15.02.24
MORGAN STANLEY - EARNINGS PER SHARE-REPRT DT-Q1;US6174464486;21.04.10;21.04.11;19.04.12;18.04.13;17.04.14;20.04.15;18.04.16;19.04.17;18.04.18;17.04.19;16.04.20;16.04.21;14.04.22;19.04.23;16.04.24
REPUBLIC SVS.'A' - EARNINGS PER SHARE-REPRT DT-Q1;US7607591002;29.04.10;29.04.11;26.04.12;25.04.13;24.04.14;24.04.15;29.04.16;27.04.17;02.05.18;25.04.19;05.05.20;05.05.21;05.05.22;27.04.23;30.04.24
COSTAR GP. - EARNINGS PER SHARE-REPRT DT-Q1;US22160N1090;21.04.10;27.04.11;26.04.12;24.04.13;23.04.14;29.04.15;27.04.16;26.04.17;23.04.18;23.04.19;28.04.20;27.04.21;26.04.22;25.04.23;23.04.24
DECKERS OUTDOOR - EARNINGS PER SHARE-REPRT DT-Q1;US2435371073;22.04.10;28.04.11;26.04.12;25.04.13;NA;01.06.15;26.05.16;25.05.17;24.05.18;23.05.19;21.05.20;20.05.21;19.05.22;25.05.23;23.05.24
WALT DISNEY - EARNINGS PER SHARE-REPRT DT-Q1;US2546871060;11.05.10;10.05.11;08.05.12;07.05.13;06.05.14;05.05.15;10.05.16;09.05.17;08.05.18;08.05.19;05.05.20;13.05.21;11.05.22;10.05.23;07.05.24
DOLLAR TREE, INC - EARNINGS PER SHARE-REPRT DT-Q1;US2567461080;20.05.10;19.05.11;17.05.12;23.05.13;22.05.14;21.05.15;26.05.16;25.05.17;31.05.18;30.05.19;28.05.20;27.05.21;26.05.22;25.05.23;05.06.24
DOVER CORP - EARNINGS PER SHARE-REPRT DT-Q1;US2600031080;23.04.10;21.04.11;18.04.12;17.04.13;17.04.14;21.04.15;21.04.16;20.04.17;27.04.18;18.04.19;21.04.20;20.04.21;21.04.22;26.04.23;25.04.24
OMNICOM GROUP INC - EARNINGS PER SHARE-REPRT DT-Q1;US6819191064;20.04.10;19.04.11;17.04.12;18.04.13;22.04.14;21.04.15;19.04.16;18.04.17;17.04.18;16.04.19;28.04.20;20.04.21;19.04.22;18.04.23;16.04.24
DTE ENERGY CO - EARNINGS PER SHARE-REPRT DT-Q1;US2333311072;27.04.10;27.04.11;27.04.12;26.04.13;25.04.14;24.04.15;26.04.16;26.04.17;25.04.18;24.04.19;28.04.20;27.04.21;28.04.22;27.04.23;25.04.24
DARDEN RESTAURANTS - EARNINGS PER SHARE-REPRT DT-Q1;US2371941053;23.03.10;24.03.11;23.03.12;01.04.13;21.03.14;20.03.15;06.04.16;27.03.17;22.03.18;21.03.19;19.03.20;25.03.21;24.03.22;23.03.23;21.03.24
EBAY INC. - EARNINGS PER SHARE-REPRT DT-Q1;US2786421030;21.04.10;27.04.11;18.04.12;17.04.13;29.04.14;22.04.15;27.04.16;19.04.17;25.04.18;23.04.19;29.04.20;28.04.21;04.05.22;26.04.23;01.05.24
BANK OF AMERICA CORP - EARNINGS PER SHARE-REPRT DT-Q1;US0605051046;16.04.10;15.04.11;19.04.12;17.04.13;16.04.14;15.04.15;14.04.16;18.04.17;15.04.18;16.04.19;15.04.20;15.04.21;18.04.22;18.04.23;16.04.24
CITIGROUP INC - EARNINGS PER SHARE-REPRT DT-Q1;US1729674242;19.04.10;18.04.11;16.04.12;15.04.13;14.04.14;16.04.15;15.04.16;13.04.17;13.04.18;15.04.19;15.04.20;15.04.21;14.04.22;14.04.23;12.04.24
CADENCE DESIGN SYST - EARNINGS PER SHARE-REPRT DT-Q1;US1273871087;28.04.10;27.04.11;25.04.12;24.04.13;21.04.14;27.04.15;25.04.16;24.04.17;23.04.18;22.04.19;20.04.20;26.04.21;25.04.22;24.04.23;22.04.24
ECOLAB - EARNINGS PER SHARE-REPRT DT-Q1;US2788651006;27.04.10;26.04.11;01.05.12;30.04.13;28.04.14;28.04.15;03.05.16;02.05.17;01.05.18;30.04.19;28.04.20;27.04.21;26.04.22;02.05.23;30.04.24
REVVITY - EARNINGS PER SHARE-REPRT DT-Q1;US7140461093;06.05.10;05.05.11;26.04.12;25.04.13;24.04.14;30.04.15;05.05.16;04.05.17;30.04.18;25.04.19;05.05.20;04.05.21;03.05.22;11.05.23;29.04.24
ELECTRONIC ARTS - EARNINGS PER SHARE-REPRT DT-Q1;US2855121099;11.05.10;04.05.11;07.05.12;07.05.13;06.05.14;05.05.15;10.05.16;09.05.17;08.05.18;07.05.19;05.05.20;11.05.21;10.05.22;09.05.23;07.05.24
SALESFORCE - EARNINGS PER SHARE-REPRT DT-Q1;US79466L3024;20.05.10;19.05.11;17.05.12;23.05.13;20.05.14;20.05.15;20.05.16;18.05.17;29.05.18;04.06.19;28.05.20;27.05.21;31.05.22;31.05.23;29.05.24
ERIE INDEMNITY - EARNINGS PER SHARE-REPRT DT-Q1;US29530P1021;06.05.10;05.05.11;03.05.12;29.04.13;01.05.14;30.04.15;28.04.16;01.05.17;26.04.18;02.05.19;07.05.20;29.04.21;28.04.22;27.04.23;25.04.24
EMERSON ELECTRIC CO. - EARNINGS PER SHARE-REPRT DT-Q1;US2910111044;04.05.10;03.05.11;01.05.12;07.05.13;06.05.14;05.05.15;03.05.16;02.05.17;01.05.18;07.05.19;21.04.20;05.05.21;04.05.22;03.05.23;08.05.24
ATMOS ENERGY CORP - EARNINGS PER SHARE-REPRT DT-Q1;US0495601058;05.05.10;05.05.11;02.05.12;01.05.13;07.05.14;06.05.15;04.05.16;03.05.17;02.05.18;07.05.19;06.05.20;05.05.21;04.05.22;03.05.23;08.05.24
ESSEX PROPERTY TST. - EARNINGS PER SHARE-REPRT DT-Q1;US2971781057;05.05.10;04.05.11;02.05.12;06.05.13;08.05.14;07.05.15;28.04.16;27.04.17;02.05.18;24.04.19;06.05.20;27.04.21;26.04.22;27.04.23;30.04.24
ENTERGY - EARNINGS PER SHARE-REPRT DT-Q1;US29364G1031;29.04.10;29.04.11;26.04.12;25.04.13;24.04.14;28.04.15;26.04.16;25.04.17;25.04.18;03.05.19;11.05.20;28.04.21;27.04.22;26.04.23;24.04.24
EOG RES. - EARNINGS PER SHARE-REPRT DT-Q1;US26875P1012;03.05.10;05.05.11;08.05.12;06.05.13;05.05.14;04.05.15;05.05.16;08.05.17;03.05.18;02.05.19;07.05.20;06.05.21;05.05.22;04.05.23;02.05.24
EQUIFAX INC. - EARNINGS PER SHARE-REPRT DT-Q1;US2944291051;28.04.10;27.04.11;25.04.12;24.04.13;23.04.14;22.04.15;29.04.16;26.04.17;25.04.18;10.05.19;20.04.20;21.04.21;20.04.22;19.04.23;17.04.24
EQUITY RESIDENTIAL - EARNINGS PER SHARE-REPRT DT-Q1;US29476L1070;28.04.10;27.04.11;25.04.12;30.04.13;30.04.14;28.04.15;26.04.16;25.04.17;24.04.18;30.04.19;05.05.20;27.04.21;26.04.22;25.04.23;23.04.24
EQT CORPORATION - EARNINGS PER SHARE-REPRT DT-Q1;US26884L1098;28.04.10;28.04.11;26.04.12;25.04.13;24.04.14;23.04.15;28.04.16;27.04.17;26.04.18;25.04.19;07.05.20;05.05.21;27.04.22;26.04.23;23.04.24
ESTEE LAUDER CO - EARNINGS PER SHARE-REPRT DT-Q1;US5184391044;27.04.10;05.05.11;04.05.12;02.05.13;02.05.14;05.05.15;03.05.16;02.05.17;02.05.18;01.05.19;01.05.20;03.05.21;03.05.22;03.05.23;01.05.24
EXPEDITORS INTL WASH - EARNINGS PER SHARE-REPRT DT-Q1;US3021301094;05.05.10;04.05.11;02.05.12;01.05.13;07.05.14;06.05.15;03.05.16;02.05.17;08.05.18;07.05.19;05.05.20;04.05.21;03.05.22;02.05.23;07.05.24
EXXON MOBIL CORP - EARNINGS PER SHARE-REPRT DT-Q1;US30231G1022;29.04.10;28.04.11;26.04.12;25.04.13;01.05.14;30.04.15;29.04.16;27.04.17;27.04.18;26.04.19;01.05.20;30.04.21;29.04.22;28.04.23;26.04.24
NEXTERA ENERGY - EARNINGS PER SHARE-REPRT DT-Q1;US65339F1012;27.04.10;29.04.11;25.04.12;30.04.13;02.05.14;01.05.15;29.04.16;21.04.17;24.04.18;23.04.19;23.04.20;21.04.21;21.04.22;25.04.23;23.04.24
FACTSET RESEARCH SYS - EARNINGS PER SHARE-REPRT DT-Q1;US3030751057;16.03.10;15.03.11;13.03.12;19.03.13;18.03.14;17.03.15;15.03.16;28.03.17;27.03.18;26.03.19;26.03.20;30.03.21;24.03.22;23.03.23;21.03.24
FAIR ISAAC CORP. - EARNINGS PER SHARE-REPRT DT-Q1;US3032501047;28.04.10;04.05.11;30.04.12;24.04.13;24.04.14;23.04.15;04.05.16;27.04.17;26.04.18;30.04.19;29.04.20;05.05.21;27.04.22;27.04.23;25.04.24
ASSURANT INC - EARNINGS PER SHARE-REPRT DT-Q1;US04621X1081;28.04.10;27.04.11;25.04.12;24.04.13;23.04.14;05.05.15;26.04.16;02.05.17;03.05.18;06.05.19;05.05.20;04.05.21;03.05.22;02.05.23;07.05.24
FASTENAL - EARNINGS PER SHARE-REPRT DT-Q1;US3119001044;13.04.10;12.04.11;12.04.12;10.04.13;11.04.14;14.04.15;15.04.16;12.04.17;11.04.18;11.04.19;14.04.20;13.04.21;13.04.22;13.04.23;11.04.24
FIFTH THIRD BANCORP - EARNINGS PER SHARE-REPRT DT-Q1;US3167731005;07.05.10;21.04.11;19.04.12;18.04.13;17.04.14;21.04.15;21.04.16;25.04.17;24.04.18;23.04.19;21.04.20;20.04.21;19.04.22;20.04.23;19.04.24
M&T BANK - EARNINGS PER SHARE-REPRT DT-Q1;US55261F1049;07.05.10;18.04.11;16.04.12;15.04.13;14.04.14;20.04.15;18.04.16;17.04.17;16.04.18;15.04.19;20.04.20;19.04.21;20.04.22;17.04.23;15.04.24
FISERV - EARNINGS PER SHARE-REPRT DT-Q1;US3377381088;29.04.10;27.04.11;01.05.12;18.04.13;29.04.14;05.05.15;05.05.16;26.04.17;01.05.18;30.04.19;07.05.20;27.04.21;27.04.22;25.04.23;23.04.24
FRANKLIN RESOURCES - EARNINGS PER SHARE-REPRT DT-Q1;US3546131018;28.04.10;28.04.11;02.05.12;30.04.13;28.04.14;29.04.15;27.04.16;28.04.17;26.04.18;26.04.19;30.04.20;04.05.21;03.05.22;01.05.23;29.04.24
FREEPOR - CMORAN INC - EARNINGS PER SHARE-REPRT DT-Q1;US35671D8570;21.04.10;20.04.11;19.04.12;18.04.13;24.04.14;23.04.15;26.04.16;24.04.17;24.04.18;25.04.19;24.04.20;22.04.21;21.04.22;21.04.23;23.04.24
ARTHUR J. GALLAGHE - EARNINGS PER SHARE-REPRT DT-Q1;US3635761097;23.04.10;26.04.11;01.05.12;30.04.13;07.04.14;24.04.15;29.04.16;27.04.17;01.05.18;25.04.19;30.04.20;29.04.21;28.04.22;27.04.23;25.04.24
GENERAL DYNAMICS - EARNINGS PER SHARE-REPRT DT-Q1;US3695501086;04.05.10;27.04.11;25.04.12;24.04.13;23.04.14;29.04.15;27.04.16;26.04.17;25.04.18;24.04.19;29.04.20;28.04.21;27.04.22;26.04.23;24.04.24
GENERAL MILLS - EARNINGS PER SHARE-REPRT DT-Q1;US3703341046;24.03.10;23.03.11;21.03.12;20.03.13;18.03.14;18.03.15;23.03.16;21.03.17;21.03.18;20.03.19;18.03.20;24.03.21;23.03.22;23.03.23;20.03.24
GENUINE PARTS - EARNINGS PER SHARE-REPRT DT-Q1;US3724601055;16.04.10;15.04.11;19.04.12;19.04.13;22.04.14;21.04.15;19.04.16;19.04.17;19.04.18;18.04.19;06.05.20;22.04.21;21.04.22;20.04.23;18.04.24
GILEAD SCIENCES, INC - EARNINGS PER SHARE-REPRT DT-Q1;US3755581036;20.04.10;20.04.11;26.04.12;02.05.13;22.04.14;30.04.15;28.04.16;02.05.17;01.05.18;02.05.19;30.04.20;29.04.21;28.04.22;27.04.23;25.04.24
GARTNER INC - EARNINGS PER SHARE-REPRT DT-Q1;US3666511072;05.05.10;05.05.11;03.05.12;02.05.13;01.05.14;07.05.15;05.05.16;04.05.17;08.05.18;07.05.19;07.05.20;04.05.21;03.05.22;02.05.23;30.04.24
MCKESSON CORPORATION - EARNINGS PER SHARE-REPRT DT-Q1;US58155Q1031;03.05.10;03.05.11;30.04.12;07.05.13;12.05.14;12.05.15;04.05.16;18.05.17;24.05.18;08.05.19;20.05.20;06.05.21;05.05.22;08.05.23;07.05.24
NVIDIA CORPORATION - EARNINGS PER SHARE-REPRT DT-Q1;US67066G1040;13.05.10;12.05.11;11.05.12;09.05.13;06.05.14;07.05.15;12.05.16;09.05.17;10.05.18;16.05.19;21.05.20;26.05.21;25.05.22;24.05.23;22.05.24
WW GRAINGER INC - EARNINGS PER SHARE-REPRT DT-Q1;US3848021040;14.04.10;18.04.11;17.04.12;16.04.13;16.04.14;16.04.15;28.04.16;18.04.17;19.04.18;22.04.19;23.04.20;30.04.21;28.04.22;27.04.23;25.04.24
HALLIBURTON COMPANY - EARNINGS PER SHARE-REPRT DT-Q1;US4062161017;19.04.10;18.04.11;18.04.12;22.04.13;21.04.14;20.04.15;03.05.16;23.04.17;23.04.18;22.04.19;20.04.20;21.04.21;19.04.22;25.04.23;23.04.24
GOLDMAN SACHS GROUP - EARNINGS PER SHARE-REPRT DT-Q1;US38141G1040;20.04.10;19.04.11;17.04.12;16.04.13;17.04.14;16.04.15;19.04.16;18.04.17;17.04.18;15.04.19;15.04.20;14.04.21;14.04.22;18.04.23;15.04.24
HASBRO INC - EARNINGS PER SHARE-REPRT DT-Q1;US4180561072;19.04.10;14.04.11;23.04.12;22.04.13;21.04.14;20.04.15;18.04.16;24.04.17;23.04.18;23.04.19;29.04.20;27.04.21;19.04.22;27.04.23;24.04.24
SCHEIN (HENRY) INC - EARNINGS PER SHARE-REPRT DT-Q1;US8064071025;04.05.10;03.05.11;08.05.12;07.05.13;06.05.14;04.05.15;03.05.16;09.05.17;08.05.18;07.05.19;05.05.20;04.05.21;03.05.22;09.05.23;07.05.24
HERSHEY CO - EARNINGS PER SHARE-REPRT DT-Q1;US4278661081;22.04.10;26.04.11;24.04.12;25.04.13;24.04.14;23.04.15;26.04.16;26.04.17;26.04.18;25.04.19;23.04.20;29.04.21;28.04.22;27.04.23;03.05.24
F5 - EARNINGS PER SHARE-REPRT DT-Q1;US3156161024;21.04.10;20.04.11;18.04.12;24.04.13;23.04.14;22.04.15;20.04.16;26.04.17;25.04.18;24.04.19;27.04.20;27.04.21;26.04.22;19.04.23;29.04.24
HOLOGIC - EARNINGS PER SHARE-REPRT DT-Q1;US4364401012;03.05.10;02.05.11;30.04.12;07.05.13;30.04.14;29.04.15;27.04.16;10.05.17;02.05.18;01.05.19;29.04.20;28.04.21;27.04.22;01.05.23;02.05.24
HOME DEPOT - EARNINGS PER SHARE-REPRT DT-Q1;US4370761029;18.05.10;17.05.11;15.05.12;21.05.13;20.05.14;19.05.15;17.05.16;16.05.17;15.05.18;21.05.19;19.05.20;18.05.21;17.05.22;16.05.23;14.05.24
HORMEL FOODS - EARNINGS PER SHARE-REPRT DT-Q1;US4404521001;18.02.10;22.02.11;23.02.12;21.02.13;20.02.14;19.02.15;16.02.16;23.02.17;22.02.18;21.02.19;20.02.20;18.02.21;01.03.22;02.03.23;29.02.24
CENTERPOINT ENERGY - EARNINGS PER SHARE-REPRT DT-Q1;US15189T1079;05.05.10;05.05.11;03.05.12;02.05.13;01.05.14;11.05.15;10.05.16;05.05.17;04.05.18;09.05.19;07.05.20;06.05.21;03.05.22;27.04.23;30.04.24
LENNOX INTERNATIONAL - EARNINGS PER SHARE-REPRT DT-Q1;US5261071071;27.04.10;26.04.11;24.04.12;22.04.13;21.04.14;20.04.15;18.04.16;23.04.17;23.04.18;22.04.19;20.04.20;26.04.21;25.04.22;27.04.23;24.04.24
HUMANA INC. - EARNINGS PER SHARE-REPRT DT-Q1;US4448591028;26.04.10;02.05.11;30.04.12;01.05.13;07.05.14;29.04.15;04.05.16;03.05.17;02.05.18;01.05.19;29.04.20;28.04.21;27.04.22;26.04.23;24.04.24
HUNT JB TRANSPORT SVS. - EARNINGS PER SHARE-REPRT DT-Q1;US4456581077;14.04.10;13.04.11;12.04.12;11.04.13;14.04.14;14.04.15;18.04.16;17.04.17;16.04.18;15.04.19;14.04.20;15.04.21;18.04.22;17.04.23;16.04.24
HUNTINGTON BCSH. - EARNINGS PER SHARE-REPRT DT-Q1;US4461501045;21.04.10;20.04.11;18.04.12;17.04.13;16.04.14;22.04.15;20.04.16;19.04.17;24.04.18;25.04.19;23.04.20;22.04.21;21.04.22;20.04.23;19.04.24
BIOGEN - EARNINGS PER SHARE-REPRT DT-Q1;US09062X1037;20.04.10;21.04.11;01.05.12;25.04.13;23.04.14;24.04.15;21.04.16;24.04.17;24.04.18;24.04.19;22.04.20;22.04.21;03.05.22;25.04.23;24.04.24
IDEX CORP - EARNINGS PER SHARE-REPRT DT-Q1;US45167R1041;19.04.10;20.04.11;23.04.12;22.04.13;22.04.14;20.04.15;18.04.16;19.04.17;30.04.18;25.04.19;23.04.20;27.04.21;26.04.22;26.04.23;23.04.24
ILLINOIS TOOL WORKS - EARNINGS PER SHARE-REPRT DT-Q1;US4523081093;20.04.10;26.04.11;24.04.12;23.04.13;22.04.14;21.04.15;20.04.16;24.04.17;26.04.18;25.04.19;05.05.20;30.04.21;03.05.22;02.05.23;30.04.24
INTUIT INC - EARNINGS PER SHARE-REPRT DT-Q1;US4612021034;18.02.10;17.02.11;21.02.12;21.02.13;20.02.14;19.02.15;25.02.16;23.02.17;22.02.18;21.02.19;24.02.20;23.02.21;24.02.22;23.02.23;22.02.24
IDEXX LABORATORIES - EARNINGS PER SHARE-REPRT DT-Q1;US45168D1046;23.04.10;21.04.11;20.04.12;23.04.13;25.04.14;28.04.15;29.04.16;28.04.17;04.05.18;01.05.19;30.04.20;04.05.21;04.05.22;02.05.23;01.05.24
INTEL CORP - EARNINGS PER SHARE-REPRT DT-Q1;US4581401001;13.04.10;19.04.11;17.04.12;16.04.13;15.04.14;14.04.15;19.04.16;27.04.17;26.04.18;25.04.19;23.04.20;22.04.21;28.04.22;27.04.23;25.04.24
INTL FLAVORS&FRAGRAN - EARNINGS PER SHARE-REPRT DT-Q1;US4595061015;06.05.10;10.05.11;08.05.12;07.05.13;06.05.14;12.05.15;09.05.16;08.05.17;07.05.18;06.05.19;11.05.20;10.05.21;09.05.22;08.05.23;06.05.24
INTERNATIONAL PAPER - EARNINGS PER SHARE-REPRT DT-Q1;US4601461035;29.04.10;28.04.11;27.04.12;02.05.13;30.04.14;29.04.15;27.04.16;27.04.17;26.04.18;25.04.19;30.04.20;29.04.21;28.04.22;27.04.23;25.04.24
INTERPUBLIC GROUP - EARNINGS PER SHARE-REPRT DT-Q1;US4606901001;29.04.10;28.04.11;26.04.12;19.04.13;22.04.14;24.04.15;22.04.16;21.04.17;27.04.18;26.04.19;22.04.20;28.04.21;28.04.22;27.04.23;24.04.24
HENRY, (JACK) & ASSC - EARNINGS PER SHARE-REPRT DT-Q1;US4262811015;04.05.10;03.05.11;01.05.12;30.04.13;30.04.14;06.05.15;09.05.16;08.05.17;01.05.18;30.04.19;04.05.20;03.05.21;03.05.22;02.05.23;07.05.24
JABIL INC - EARNINGS PER SHARE-REPRT DT-Q1;US4663131039;23.03.10;22.03.11;20.03.12;20.03.13;19.03.14;18.03.15;16.03.16;15.03.17;15.03.18;14.03.19;13.03.20;16.03.21;16.03.22;16.03.23;15.03.24
INCYTE - EARNINGS PER SHARE-REPRT DT-Q1;US45337C1027;06.05.10;03.05.11;26.04.12;02.05.13;01.05.14;30.04.15;09.05.16;03.05.17;01.05.18;30.04.19;05.05.20;04.05.21;03.05.22;02.05.23;30.04.24
EMCOR GROUP - EARNINGS PER SHARE-REPRT DT-Q1;US29084Q1004;29.04.10;28.04.11;26.04.12;25.04.13;29.04.14;30.04.15;28.04.16;27.04.17;26.04.18;30.04.19;30.04.20;29.04.21;28.04.22;27.04.23;25.04.24
JOHNSON & JOHNSON - EARNINGS PER SHARE-REPRT DT-Q1;US4781601046;20.04.10;19.04.11;17.04.12;16.04.13;15.04.14;14.04.15;19.04.16;18.04.17;17.04.18;16.04.19;14.04.20;20.04.21;19.04.22;18.04.23;16.04.24
HARTFORD INSURANCE GROUP - EARNINGS PER SHARE-REPRT DT-Q1;US4165151048;29.04.10;02.05.11;02.05.12;29.04.13;28.04.14;27.04.15;28.04.16;27.04.17;26.04.18;01.05.19;29.04.20;22.04.21;28.04.22;27.04.23;25.04.24
KLA - EARNINGS PER SHARE-REPRT DT-Q1;US4824801009;29.04.10;28.04.11;26.04.12;25.04.13;24.04.14;24.04.15;26.04.16;27.04.17;26.04.18;06.05.19;05.05.20;29.04.21;28.04.22;26.04.23;25.04.24
DEVON ENERGY CORP - EARNINGS PER SHARE-REPRT DT-Q1;US25179M1036;05.05.10;04.05.11;02.05.12;01.05.13;07.05.14;06.05.15;03.05.16;02.05.17;01.05.18;01.05.19;05.05.20;05.05.21;02.05.22;08.05.23;01.05.24
KELLANOVA - EARNINGS PER SHARE-REPRT DT-Q1;US4878361082;29.04.10;04.05.11;26.04.12;02.05.13;01.05.14;05.05.15;09.05.16;04.05.17;03.05.18;02.05.19;30.04.20;06.05.21;05.05.22;04.05.23;02.05.24
KEYCORP - EARNINGS PER SHARE-REPRT DT-Q1;US4932671088;06.05.10;18.04.11;19.04.12;18.04.13;17.04.14;16.04.15;21.04.16;20.04.17;19.04.18;18.04.19;16.04.20;20.04.21;21.04.22;20.04.23;18.04.24
KIMCO REALTY - EARNINGS PER SHARE-REPRT DT-Q1;US49446R1095;05.05.10;04.05.11;03.05.12;01.05.13;07.05.14;07.05.15;27.04.16;26.04.17;26.04.18;02.05.19;08.05.20;29.04.21;28.04.22;27.04.23;06.05.24
KIMBERLY-CLARK - LARK - EARNINGS PER SHARE-REPRT DT-Q1;US4943681035;22.04.10;25.04.11;20.04.12;19.04.13;21.04.14;21.04.15;22.04.16;24.04.17;23.04.18;22.04.19;22.04.20;23.04.21;22.04.22;25.04.23;23.04.24
KROGER CO - EARNINGS PER SHARE-REPRT DT-Q1;US5010441013;17.06.10;16.06.11;14.06.12;20.06.13;19.06.14;18.06.15;16.06.16;15.06.17;21.06.18;20.06.19;18.06.20;17.06.21;16.06.22;15.06.23;20.06.24
TELEDYNE TECH. - EARNINGS PER SHARE-REPRT DT-Q1;US8793601050;29.04.10;27.04.11;25.04.12;24.04.13;23.04.14;30.04.15;05.05.16;04.05.17;03.05.18;24.04.19;22.04.20;28.04.21;27.04.22;26.04.23;24.04.24
PACKAGING CORP - EARNINGS PER SHARE-REPRT DT-Q1;US6951561090;19.04.10;18.04.11;17.04.12;22.04.13;22.04.14;20.04.15;20.04.16;26.04.17;24.04.18;24.04.19;27.04.20;26.04.21;25.04.22;24.04.23;22.04.24
AKAMAI TECHNOLOGIES - EARNINGS PER SHARE-REPRT DT-Q1;US00971T1016;28.04.10;27.04.11;25.04.12;24.04.13;01.05.14;28.04.15;26.04.16;02.05.17;30.04.18;30.04.19;28.04.20;04.05.21;03.05.22;09.05.23;09.05.24
LENNAR CORP - EARNINGS PER SHARE-REPRT DT-Q1;US5260571048;09.04.10;29.03.11;27.03.12;20.03.13;20.03.14;19.03.15;29.03.16;21.03.17;04.04.18;27.03.19;19.03.20;16.03.21;16.03.22;14.03.23;13.03.24
LILLY (ELI) AND CO. - EARNINGS PER SHARE-REPRT DT-Q1;US5324571083;19.04.10;18.04.11;25.04.12;24.04.13;24.04.14;23.04.15;26.04.16;25.04.17;24.04.18;30.04.19;23.04.20;27.04.21;28.04.22;27.04.23;30.04.24
UNITED PARCEL SVCS - EARNINGS PER SHARE-REPRT DT-Q1;US9113121068;27.04.10;26.04.11;26.04.12;25.04.13;24.04.14;28.04.15;28.04.16;27.04.17;26.04.18;25.04.19;28.04.20;27.04.21;26.04.22;25.04.23;23.04.24
AGILENT TECHNOLOGIES - EARNINGS PER SHARE-REPRT DT-Q1;US00846U1016;12.02.10;14.02.11;15.02.12;14.02.13;13.02.14;17.02.15;16.02.16;14.02.17;14.02.18;20.02.19;18.02.20;16.02.21;22.02.22;28.02.23;27.02.24
LOCKHEED MARTIN CORP - EARNINGS PER SHARE-REPRT DT-Q1;US5398301094;21.04.10;26.04.11;26.04.12;23.04.13;22.04.14;21.04.15;27.04.16;25.04.17;24.04.18;23.04.19;21.04.20;20.04.21;19.04.22;18.04.23;23.04.24
LOEWS CORPORATION - EARNINGS PER SHARE-REPRT DT-Q1;US5404241086;03.05.10;02.05.11;30.04.12;29.04.13;28.04.14;05.05.15;03.05.16;01.05.17;30.04.18;29.04.19;04.05.20;03.05.21;02.05.22;01.05.23;06.05.24
CARNIVAL - EARNINGS PER SHARE-REPRT DT-Q1;PA1436583006;23.03.10;22.03.11;09.03.12;15.03.13;25.03.14;02.04.15;30.03.16;30.03.17;22.03.18;26.03.19;03.04.20;07.04.21;22.03.22;27.03.23;27.03.24
LOWE'S COMPANIES - EARNINGS PER SHARE-REPRT DT-Q1;US5486611073;17.05.10;16.05.11;21.05.12;22.05.13;21.05.14;20.05.15;18.05.16;24.05.17;23.05.18;22.05.19;20.05.20;19.05.21;18.05.22;23.05.23;21.05.24
DOMINION ENERGY - EARNINGS PER SHARE-REPRT DT-Q1;US25746U1097;29.04.10;28.04.11;26.04.12;25.04.13;30.04.14;05.05.15;04.05.16;04.05.17;27.04.18;03.05.19;05.05.20;04.05.21;05.05.22;05.05.23;02.05.24
MGM RESORTS INTL. - EARNINGS PER SHARE-REPRT DT-Q1;US5529531015;14.04.10;04.05.11;03.05.12;02.05.13;29.04.14;04.05.15;05.05.16;27.04.17;26.04.18;29.04.19;23.04.20;28.04.21;02.05.22;01.05.23;01.05.24
MCCORMICK & CO INC - EARNINGS PER SHARE-REPRT DT-Q1;US5797802064;25.03.10;29.03.11;27.03.12;02.04.13;25.03.14;24.03.15;29.03.16;28.03.17;27.03.18;26.03.19;31.03.20;30.03.21;29.03.22;28.03.23;26.03.24
MCDONALD'S CORP - EARNINGS PER SHARE-REPRT DT-Q1;US5801351017;21.04.10;21.04.11;20.04.12;19.04.13;22.04.14;22.04.15;22.04.16;24.04.17;30.04.18;30.04.19;30.04.20;29.04.21;28.04.22;25.04.23;30.04.24
EVEREST GROUP LTD - EARNINGS PER SHARE-REPRT DT-Q1;BMG3223R1088;28.04.10;27.04.11;25.04.12;23.04.13;23.04.14;27.04.15;10.05.16;24.04.17;25.04.18;06.05.19;06.05.20;28.04.21;27.04.22;01.05.23;29.04.24
EDWARDS LIFESCIENCES - EARNINGS PER SHARE-REPRT DT-Q1;US28176E1082;20.04.10;20.04.11;24.04.12;23.04.13;24.04.14;23.04.15;29.04.16;25.04.17;24.04.18;23.04.19;23.04.20;20.04.21;26.04.22;26.04.23;25.04.24
HOST HOTELS & RESORTS REIT - EARNINGS PER SHARE-REPRT DT-Q1;US44107P1049;28.04.10;28.04.11;25.04.12;03.05.13;01.05.14;30.04.15;29.04.16;28.04.17;02.05.18;01.05.19;07.05.20;04.05.21;04.05.22;03.05.23;01.05.24
MARSH & MCLENNAN - EARNINGS PER SHARE-REPRT DT-Q1;US5717481023;04.05.10;04.05.11;01.05.12;02.05.13;02.05.14;30.04.15;28.04.16;27.04.17;26.04.18;25.04.19;30.04.20;27.04.21;21.04.22;20.04.23;18.04.24
MASCO CORP - EARNINGS PER SHARE-REPRT DT-Q1;US5745991068;26.04.10;25.04.11;30.04.12;29.04.13;30.04.14;28.04.15;26.04.16;25.04.17;24.04.18;25.04.19;29.04.20;28.04.21;27.04.22;26.04.23;24.04.24
MARTIN MARIETTA MAT - EARNINGS PER SHARE-REPRT DT-Q1;US5732841060;29.04.10;03.05.11;01.05.12;02.05.13;29.04.14;30.04.15;05.05.16;02.05.17;08.05.18;30.04.19;05.05.20;04.05.21;03.05.22;04.05.23;30.04.24
METLIFE INC - EARNINGS PER SHARE-REPRT DT-Q1;US59156R1086;29.04.10;04.05.11;20.04.12;01.05.13;30.04.14;06.05.15;04.05.16;03.05.17;02.05.18;01.05.19;06.05.20;05.05.21;04.05.22;03.05.23;01.05.24
CVS HEALTH CORP - EARNINGS PER SHARE-REPRT DT-Q1;US1266501006;04.05.10;05.05.11;02.05.12;01.05.13;02.05.14;01.05.15;03.05.16;01.05.17;02.05.18;01.05.19;06.05.20;04.05.21;04.05.22;03.05.23;01.05.24
ON SEMICONDUCTOR - EARNINGS PER SHARE-REPRT DT-Q1;US6821891057;05.05.10;04.05.11;02.05.12;02.05.13;01.05.14;03.05.15;08.05.16;07.05.17;30.04.18;29.04.19;09.05.20;03.05.21;02.05.22;01.05.23;29.04.24
MICROSOFT CORP - EARNINGS PER SHARE-REPRT DT-Q1;US5949181045;22.04.10;28.04.11;19.04.12;18.04.13;24.04.14;23.04.15;21.04.16;27.04.17;26.04.18;24.04.19;29.04.20;27.04.21;26.04.22;25.04.23;25.04.24
MICRON TECHNOLOGY - EARNINGS PER SHARE-REPRT DT-Q1;US5951121038;31.03.10;23.03.11;22.03.12;21.03.13;03.04.14;01.04.15;08.04.16;23.03.17;22.03.18;20.03.19;25.03.20;31.03.21;29.03.22;29.03.23;20.03.24
MID-AMERICA APARTMNT - MERICA APARTMNT - EARNINGS PER SHARE-REPRT DT-Q1;US59522J1034;06.05.10;05.05.11;03.05.12;01.05.13;30.04.14;29.04.15;06.05.16;26.04.17;02.05.18;01.05.19;06.05.20;28.04.21;27.04.22;26.04.23;01.05.24
MICROCHIP TECHNOLOGY - EARNINGS PER SHARE-REPRT DT-Q1;US5950171042;05.05.10;05.05.11;02.05.12;02.05.13;06.05.14;07.05.15;04.05.16;09.05.17;08.05.18;08.05.19;07.05.20;06.05.21;09.05.22;04.05.23;06.05.24
3M COMPANY - EARNINGS PER SHARE-REPRT DT-Q1;US88579Y1010;27.04.10;26.04.11;24.04.12;25.04.13;24.04.14;23.04.15;26.04.16;24.04.17;24.04.18;25.04.19;28.04.20;27.04.21;26.04.22;25.04.23;30.04.24
MOHAWK INDUSTRIES - EARNINGS PER SHARE-REPRT DT-Q1;US6081901042;29.04.10;05.05.11;03.05.12;02.05.13;01.05.14;07.05.15;06.05.16;27.04.17;26.04.18;25.04.19;04.05.20;29.04.21;28.04.22;27.04.23;25.04.24
CHAS.RVR.LABS.INTL. - EARNINGS PER SHARE-REPRT DT-Q1;US1598641074;26.04.10;03.05.11;04.05.12;02.05.13;30.04.14;30.04.15;04.05.16;10.05.17;10.05.18;07.05.19;07.05.20;04.05.21;04.05.22;11.05.23;09.05.24
XCEL ENERGY - EARNINGS PER SHARE-REPRT DT-Q1;US98389B1008;29.04.10;28.04.11;26.04.12;02.05.13;02.05.14;30.04.15;09.05.16;26.04.17;26.04.18;25.04.19;07.05.20;29.04.21;28.04.22;27.04.23;25.04.24
FORD MOTOR - EARNINGS PER SHARE-REPRT DT-Q1;US3453708600;27.04.10;26.04.11;27.04.12;24.04.13;25.04.14;28.04.15;28.04.16;27.04.17;26.04.18;25.04.19;29.04.20;28.04.21;27.04.22;02.05.23;24.04.24
NETAPP INC - EARNINGS PER SHARE-REPRT DT-Q1;US64110D1046;17.02.10;16.02.11;15.02.12;13.02.13;12.02.14;11.02.15;17.02.16;15.02.17;14.02.18;13.02.19;12.02.20;24.02.21;23.02.22;22.02.23;29.02.24
NEWMONT CORP - EARNINGS PER SHARE-REPRT DT-Q1;US6516391066;27.04.10;21.04.11;26.04.12;29.04.13;25.04.14;24.04.15;20.04.16;24.04.17;26.04.18;25.04.19;05.05.20;29.04.21;22.04.22;27.04.23;25.04.24
NVR, INC. - EARNINGS PER SHARE-REPRT DT-Q1;US62944T1051;21.04.10;21.04.11;19.04.12;22.04.13;21.04.14;21.04.15;29.04.16;20.04.17;19.04.18;22.04.19;23.04.20;21.04.21;26.04.22;25.04.23;23.04.24
NIKE 'B' - EARNINGS PER SHARE-REPRT DT-Q1;US6541061031;17.03.10;17.03.11;22.03.12;21.03.13;20.03.14;19.03.15;22.03.16;21.03.17;22.03.18;21.03.19;24.03.20;18.03.21;21.03.22;21.03.23;21.03.24
NORDSON - EARNINGS PER SHARE-REPRT DT-Q1;US6556631025;22.02.10;22.02.11;23.02.12;07.03.13;25.02.14;24.02.15;22.02.16;20.02.17;22.02.18;20.02.19;19.02.20;22.02.21;22.02.22;20.02.23;21.02.24
NORFOLK SOUTHERN - EARNINGS PER SHARE-REPRT DT-Q1;US6558441084;27.04.10;27.04.11;24.04.12;23.04.13;23.04.14;29.04.15;22.04.16;25.04.17;25.04.18;24.04.19;29.04.20;28.04.21;27.04.22;26.04.23;24.04.24
NISOURCE INC - EARNINGS PER SHARE-REPRT DT-Q1;US65473P1057;04.05.10;03.05.11;01.05.12;30.04.13;30.04.14;30.04.15;03.05.16;03.05.17;02.05.18;01.05.19;06.05.20;05.05.21;04.05.22;03.05.23;08.05.24
NORTHERN TRUST CORP - EARNINGS PER SHARE-REPRT DT-Q1;US6658591044;20.04.10;19.04.11;17.04.12;16.04.13;15.04.14;21.04.15;19.04.16;25.04.17;17.04.18;23.04.19;21.04.20;20.04.21;26.04.22;25.04.23;16.04.24
NORTHROP GRUMMAN - EARNINGS PER SHARE-REPRT DT-Q1;US6668071029;28.04.10;27.04.11;25.04.12;24.04.13;23.04.14;29.04.15;27.04.16;26.04.17;25.04.18;24.04.19;29.04.20;29.04.21;28.04.22;27.04.23;25.04.24
WELLS FARGO & CO - EARNINGS PER SHARE-REPRT DT-Q1;US9497461015;21.04.10;20.04.11;13.04.12;12.04.13;11.04.14;14.04.15;14.04.16;13.04.17;13.04.18;12.04.19;14.04.20;14.04.21;14.04.22;14.04.23;12.04.24
NUCOR CORP - EARNINGS PER SHARE-REPRT DT-Q1;US6703461052;22.04.10;21.04.11;19.04.12;18.04.13;24.04.14;23.04.15;21.04.16;20.04.17;19.04.18;23.04.19;28.04.20;22.04.21;21.04.22;20.04.23;22.04.24
CAPITAL ONE FIN'L - EARNINGS PER SHARE-REPRT DT-Q1;US14040H1059;22.04.10;21.04.11;19.04.12;18.04.13;16.04.14;23.04.15;04.05.16;25.04.17;24.04.18;25.04.19;23.04.20;27.04.21;26.04.22;27.04.23;25.04.24
OCCIDENTAL PETROLEUM - EARNINGS PER SHARE-REPRT DT-Q1;US6745991058;29.04.10;28.04.11;26.04.12;25.04.13;05.05.14;06.05.15;05.05.16;04.05.17;08.05.18;06.05.19;05.05.20;10.05.21;10.05.22;09.05.23;07.05.24
OLD DOMINION FREIGHT - EARNINGS PER SHARE-REPRT DT-Q1;US6795801009;28.04.10;27.04.11;26.04.12;25.04.13;24.04.14;30.04.15;28.04.16;27.04.17;26.04.18;25.04.19;23.04.20;22.04.21;27.04.22;26.04.23;24.04.24
ORACLE CORP - EARNINGS PER SHARE-REPRT DT-Q1;US68389X1054;25.03.10;24.03.11;20.03.12;20.03.13;18.03.14;17.03.15;15.03.16;15.03.17;19.03.18;14.03.19;12.03.20;10.03.21;10.03.22;09.03.23;11.03.24
PACCAR INC. - EARNINGS PER SHARE-REPRT DT-Q1;US6937181088;20.04.10;19.04.11;24.04.12;23.04.13;29.04.14;21.04.15;26.04.16;24.04.17;24.04.18;30.04.19;21.04.20;27.04.21;26.04.22;25.04.23;30.04.24
EXELON - EARNINGS PER SHARE-REPRT DT-Q1;US30161N1019;23.04.10;27.04.11;04.05.12;01.05.13;30.04.14;29.04.15;06.05.16;03.05.17;02.05.18;02.05.19;08.05.20;05.05.21;09.05.22;03.05.23;02.05.24
PARKER-HANNIFIN - ANNIFIN CORP - EARNINGS PER SHARE-REPRT DT-Q1;US7010941042;20.04.10;27.04.11;24.04.12;25.04.13;29.04.14;28.04.15;26.04.16;27.04.17;26.04.18;02.05.19;30.04.20;29.04.21;05.05.22;04.05.23;03.05.24
PAYCHEX - EARNINGS PER SHARE-REPRT DT-Q1;US7043261079;24.03.10;23.03.11;28.03.12;27.03.13;26.03.14;25.03.15;30.03.16;29.03.17;26.03.18;27.03.19;25.03.20;06.04.21;30.03.22;29.03.23;02.04.24
ALIGN TECHNOLOGY - EARNINGS PER SHARE-REPRT DT-Q1;US0162551016;22.04.10;20.04.11;23.04.12;18.04.13;23.04.14;23.04.15;28.04.16;27.04.17;25.04.18;24.04.19;29.04.20;28.04.21;27.04.22;26.04.23;24.04.24
PPL CORP - EARNINGS PER SHARE-REPRT DT-Q1;US69351T1060;06.05.10;04.05.11;04.05.12;02.05.13;01.05.14;07.05.15;29.04.16;04.05.17;03.05.18;02.05.19;08.05.20;06.05.21;05.05.22;04.05.23;01.05.24
PEPSICO INC - EARNINGS PER SHARE-REPRT DT-Q1;US7134481081;22.04.10;28.04.11;26.04.12;18.04.13;17.04.14;23.04.15;18.04.16;26.04.17;26.04.18;17.04.19;28.04.20;15.04.21;26.04.22;25.04.23;23.04.24
PFIZER INC - EARNINGS PER SHARE-REPRT DT-Q1;US7170811035;13.05.10;03.05.11;01.05.12;30.04.13;08.05.14;28.04.15;03.05.16;01.05.17;10.05.18;30.04.19;28.04.20;04.05.21;03.05.22;02.05.23;01.05.24
CONOCOPHILLIPS - EARNINGS PER SHARE-REPRT DT-Q1;US20825C1045;29.04.10;27.04.11;23.04.12;25.04.13;01.05.14;30.04.15;28.04.16;01.05.17;26.04.18;02.05.19;30.04.20;04.05.21;05.05.22;04.05.23;02.05.24
PG&E - EARNINGS PER SHARE-REPRT DT-Q1;US69331C1080;07.05.10;04.05.11;02.05.12;02.05.13;01.05.14;29.04.15;04.05.16;02.05.17;03.05.18;02.05.19;01.05.20;29.04.21;28.04.22;04.05.23;25.04.24
ALTRIA GROUP - EARNINGS PER SHARE-REPRT DT-Q1;US02209S1033;21.04.10;20.04.11;26.04.12;25.04.13;24.04.14;23.04.15;28.04.16;02.05.17;26.04.18;25.04.19;30.04.20;29.04.21;28.04.22;27.04.23;25.04.24
PNC FINL SVCS GROUP - EARNINGS PER SHARE-REPRT DT-Q1;US6934751057;07.05.10;21.04.11;18.04.12;17.04.13;16.04.14;15.04.15;14.04.16;13.04.17;13.04.18;12.04.19;15.04.20;16.04.21;14.04.22;14.04.23;16.04.24
BROWN & BROWN - EARNINGS PER SHARE-REPRT DT-Q1;US1152361010;20.04.10;18.04.11;16.04.12;15.04.13;23.04.14;20.04.15;19.04.16;17.04.17;23.04.18;22.04.19;27.04.20;26.04.21;25.04.22;24.04.23;22.04.24
PPG INDUSTRIES INC - EARNINGS PER SHARE-REPRT DT-Q1;US6935061076;15.04.10;21.04.11;19.04.12;18.04.13;17.04.14;16.04.15;21.04.16;20.04.17;19.04.18;18.04.19;27.04.20;15.04.21;21.04.22;20.04.23;18.04.24
COSTCO WHOLESALE - EARNINGS PER SHARE-REPRT DT-Q1;US22160K1051;03.03.10;02.03.11;29.02.12;12.03.13;14.03.14;05.03.15;03.03.16;02.03.17;07.03.18;07.03.19;05.03.20;04.03.21;03.03.22;02.03.23;07.03.24
T ROWE PRICE - EARNINGS PER SHARE-REPRT DT-Q1;US74144T1088;23.04.10;21.04.11;24.04.12;24.04.13;24.04.14;22.04.15;26.04.16;25.04.17;25.04.18;24.04.19;28.04.20;29.04.21;28.04.22;02.05.23;26.04.24
QUEST DIAGNOSTICS - EARNINGS PER SHARE-REPRT DT-Q1;US74834L1008;21.04.10;20.04.11;18.04.12;17.04.13;24.04.14;23.04.15;27.04.16;20.04.17;19.04.18;23.04.19;22.04.20;22.04.21;21.04.22;27.04.23;23.04.24
PROCTER & GAMBLE - EARNINGS PER SHARE-REPRT DT-Q1;US7427181091;30.04.10;28.04.11;27.04.12;24.04.13;23.04.14;23.04.15;26.04.16;26.04.17;19.04.18;23.04.19;17.04.20;20.04.21;20.04.22;21.04.23;19.04.24
PROGRESSIVE CORP - EARNINGS PER SHARE-REPRT DT-Q1;US7433151039;14.04.10;14.04.11;11.04.12;10.04.13;12.05.14;11.05.15;14.04.16;03.05.17;17.04.18;16.04.19;05.05.20;15.04.21;14.04.22;13.04.23;06.05.24
PUBLIC SVC ENTRPR GR - EARNINGS PER SHARE-REPRT DT-Q1;US7445731067;05.05.10;05.05.11;02.05.12;30.04.13;02.05.14;04.05.15;02.05.16;28.04.17;30.04.18;02.05.19;04.05.20;05.05.21;03.05.22;02.05.23;30.04.24
PULTEGROUP - EARNINGS PER SHARE-REPRT DT-Q1;US7458671010;05.05.10;28.04.11;26.04.12;25.04.13;24.04.14;23.04.15;21.04.16;25.04.17;24.04.18;23.04.19;23.04.20;27.04.21;28.04.22;25.04.23;23.04.24
GLOBAL PAYMENTS - EARNINGS PER SHARE-REPRT DT-Q1;US37940X1028;31.03.10;01.04.11;02.04.12;02.04.13;03.04.14;08.04.15;NA;04.05.17;03.05.18;02.05.19;06.05.20;04.05.21;02.05.22;01.05.23;01.05.24
QUALCOMM - EARNINGS PER SHARE-REPRT DT-Q1;US7475251036;21.04.10;20.04.11;18.04.12;24.04.13;23.04.14;22.04.15;20.04.16;19.04.17;25.04.18;01.05.19;29.04.20;28.04.21;27.04.22;03.05.23;01.05.24
RAYMOND JAMES FINL. - EARNINGS PER SHARE-REPRT DT-Q1;US7547301090;21.04.10;20.04.11;25.04.12;24.04.13;23.04.14;08.05.15;06.05.16;26.04.17;25.04.18;24.04.19;29.04.20;28.04.21;27.04.22;26.04.23;24.04.24
REALTY INCOME - EARNINGS PER SHARE-REPRT DT-Q1;US7561091049;28.04.10;28.04.11;26.04.12;25.04.13;01.05.14;29.04.15;26.04.16;25.04.17;08.05.18;01.05.19;04.05.20;03.05.21;04.05.22;03.05.23;06.05.24
REGENCY CENTERS CORP - EARNINGS PER SHARE-REPRT DT-Q1;US7588491032;01.05.10;04.05.11;02.05.12;07.05.13;08.05.14;07.05.15;04.05.16;09.05.17;01.05.18;03.05.19;08.05.20;07.05.21;03.05.22;05.05.23;02.05.24
UDR INC - EARNINGS PER SHARE-REPRT DT-Q1;US9026531049;03.05.10;02.05.11;30.04.12;30.04.13;29.04.14;27.04.15;25.04.16;24.04.17;25.04.18;30.04.19;06.05.20;27.04.21;26.04.22;26.04.23;30.04.24
REGENERON PHARMA - EARNINGS PER SHARE-REPRT DT-Q1;US75886F1075;29.04.10;03.05.11;26.04.12;03.05.13;08.05.14;07.05.15;05.05.16;03.05.17;03.05.18;07.05.19;05.05.20;06.05.21;04.05.22;04.05.23;02.05.24
RESMED - EARNINGS PER SHARE-REPRT DT-Q1;US7611521078;29.04.10;29.04.11;26.04.12;25.04.13;23.04.14;23.04.15;26.04.16;27.04.17;26.04.18;02.05.19;30.04.20;29.04.21;28.04.22;27.04.23;25.04.24
US BANCORP - EARNINGS PER SHARE-REPRT DT-Q1;US9029733048;20.04.10;19.04.11;17.04.12;16.04.13;16.04.14;15.04.15;20.04.16;19.04.17;18.04.18;17.04.19;15.04.20;15.04.21;14.04.22;19.04.23;17.04.24
ARCH CAP.GP. - EARNINGS PER SHARE-REPRT DT-Q1;BMG0450A1053;26.04.10;09.05.11;25.04.12;29.04.13;01.05.14;08.05.15;06.05.16;25.04.17;01.05.18;30.04.19;04.05.20;27.04.21;27.04.22;26.04.23;29.04.24
ROSS STORES, INC. - EARNINGS PER SHARE-REPRT DT-Q1;US7782961038;20.05.10;19.05.11;17.05.12;23.05.13;22.05.14;21.05.15;08.06.16;18.05.17;24.05.18;23.05.19;21.05.20;20.05.21;19.05.22;18.05.23;23.05.24
ROLLINS, INC. - EARNINGS PER SHARE-REPRT DT-Q1;US7757111049;28.04.10;27.04.11;25.04.12;24.04.13;23.04.14;29.04.15;28.04.16;26.04.17;25.04.18;24.04.19;29.04.20;28.04.21;27.04.22;26.04.23;24.04.24
ROPER TECHNOLOGIES - EARNINGS PER SHARE-REPRT DT-Q1;US7766961061;26.04.10;26.04.11;23.04.12;29.04.13;28.04.14;27.04.15;06.05.16;28.04.17;20.04.18;25.04.19;28.04.20;27.04.21;26.04.22;27.04.23;26.04.24
ROCKWELL AUTOMATION - EARNINGS PER SHARE-REPRT DT-Q1;US7739031091;28.04.10;27.04.11;25.04.12;24.04.13;29.04.14;30.04.15;27.04.16;26.04.17;25.04.18;25.04.19;28.04.20;28.04.21;03.05.22;27.04.23;07.05.24
ROYAL CARIBBEAN - EARNINGS PER SHARE-REPRT DT-Q1;LR0008862868;28.04.10;28.04.11;20.04.12;25.04.13;24.04.14;20.04.15;29.04.16;28.04.17;26.04.18;02.05.19;20.05.20;29.04.21;05.05.22;04.05.23;25.04.24
TRAVELERS COS - EARNINGS PER SHARE-REPRT DT-Q1;US89417E1091;23.04.10;21.04.11;19.04.12;23.04.13;22.04.14;21.04.15;21.04.16;20.04.17;24.04.18;18.04.19;21.04.20;20.04.21;19.04.22;19.04.23;17.04.24
FIDELITY NATNL INF - EARNINGS PER SHARE-REPRT DT-Q1;US31620M1062;27.04.10;03.05.11;26.04.12;30.04.13;01.05.14;30.04.15;03.05.16;02.05.17;01.05.18;30.04.19;07.05.20;06.05.21;03.05.22;27.04.23;06.05.24
MERCK & CO INC - EARNINGS PER SHARE-REPRT DT-Q1;US58933Y1055;04.05.10;29.04.11;27.04.12;01.05.13;29.04.14;28.04.15;05.05.16;02.05.17;01.05.18;30.04.19;28.04.20;29.04.21;28.04.22;27.04.23;25.04.24
SLB NV - EARNINGS PER SHARE-REPRT DT-Q1;AN8068571086;23.04.10;21.04.11;20.04.12;19.04.13;17.04.14;22.04.15;27.04.16;21.04.17;20.04.18;18.04.19;17.04.20;23.04.21;22.04.22;21.04.23;19.04.24
CHARLES SCHWAB CORP - EARNINGS PER SHARE-REPRT DT-Q1;US8085131055;15.04.10;15.04.11;16.04.12;15.04.13;15.04.14;15.04.15;15.04.16;18.04.17;16.04.18;15.04.19;15.04.20;15.04.21;18.04.22;17.04.23;15.04.24
POOL - EARNINGS PER SHARE-REPRT DT-Q1;US73278L1052;22.04.10;21.04.11;19.04.12;18.04.13;17.04.14;23.04.15;28.04.16;20.04.17;19.04.18;18.04.19;23.04.20;22.04.21;21.04.22;20.04.23;25.04.24
ZIMMER BIOMET HDG. - EARNINGS PER SHARE-REPRT DT-Q1;US98956P1021;22.04.10;28.04.11;26.04.12;25.04.13;24.04.14;30.04.15;28.04.16;27.04.17;26.04.18;26.04.19;11.05.20;04.05.21;03.05.22;02.05.23;02.05.24
CENCORA - EARNINGS PER SHARE-REPRT DT-Q1;US03073E1055;22.04.10;28.04.11;26.04.12;25.04.13;24.04.14;30.04.15;05.05.16;04.05.17;02.05.18;02.05.19;07.05.20;05.05.21;04.05.22;02.05.23;01.05.24
PRINCIPAL FINL.GP. - EARNINGS PER SHARE-REPRT DT-Q1;US74251V1026;03.05.10;02.05.11;26.04.12;25.04.13;24.04.14;24.04.15;29.04.16;27.04.17;26.04.18;25.04.19;27.04.20;27.04.21;28.04.22;27.04.23;25.04.24
SHERWI - ILLIAMS CO - EARNINGS PER SHARE-REPRT DT-Q1;US8243481061;22.04.10;21.04.11;19.04.12;18.04.13;17.04.14;16.04.15;21.04.16;20.04.17;24.04.18;23.04.19;29.04.20;27.04.21;26.04.22;25.04.23;23.04.24
CENTENE CORP - EARNINGS PER SHARE-REPRT DT-Q1;US15135B1017;27.04.10;26.04.11;24.04.12;23.04.13;22.04.14;28.04.15;26.04.16;25.04.17;24.04.18;23.04.19;28.04.20;27.04.21;26.04.22;25.04.23;26.04.24
SIMON PROPERTY GROUP - EARNINGS PER SHARE-REPRT DT-Q1;US8288061091;30.04.10;29.04.11;27.04.12;26.04.13;22.04.14;07.05.15;26.04.16;03.05.17;27.04.18;30.04.19;11.05.20;10.05.21;09.05.22;02.05.23;07.05.24
SMITH (AO) - EARNINGS PER SHARE-REPRT DT-Q1;US8318652091;20.04.10;19.04.11;20.04.12;23.04.13;22.04.14;24.04.15;27.04.16;27.04.17;25.04.18;30.04.19;05.05.20;29.04.21;28.04.22;27.04.23;25.04.24
SNAP-ON - N INC - EARNINGS PER SHARE-REPRT DT-Q1;US8330341012;20.04.10;21.04.11;19.04.12;18.04.13;17.04.14;23.04.15;21.04.16;20.04.17;19.04.18;18.04.19;21.04.20;22.04.21;21.04.22;20.04.23;18.04.24
PRUDENTIAL FINL. - EARNINGS PER SHARE-REPRT DT-Q1;US7443201022;05.05.10;04.05.11;02.05.12;01.05.13;07.05.14;06.05.15;04.05.16;03.05.17;02.05.18;01.05.19;05.05.20;04.05.21;03.05.22;02.05.23;30.04.24
EDISON INTERNATIONAL - EARNINGS PER SHARE-REPRT DT-Q1;US2810201077;07.05.10;02.05.11;02.05.12;30.04.13;29.04.14;28.04.15;02.05.16;01.05.17;01.05.18;30.04.19;30.04.20;27.04.21;03.05.22;02.05.23;30.04.24
SOUTHERN CO - EARNINGS PER SHARE-REPRT DT-Q1;US8425871071;28.04.10;27.04.11;25.04.12;24.04.13;30.04.14;29.04.15;28.04.16;03.05.17;02.05.18;01.05.19;30.04.20;29.04.21;28.04.22;27.04.23;02.05.24
SOUTHWEST AIRLINES - EARNINGS PER SHARE-REPRT DT-Q1;US8447411088;22.04.10;21.04.11;19.04.12;25.04.13;21.04.14;23.04.15;21.04.16;27.04.17;26.04.18;25.04.19;28.04.20;22.04.21;28.04.22;27.04.23;25.04.24
AT&T INC - EARNINGS PER SHARE-REPRT DT-Q1;US00206R1023;21.04.10;20.04.11;24.04.12;23.04.13;22.04.14;22.04.15;26.04.16;25.04.17;25.04.18;24.04.19;22.04.20;22.04.21;21.04.22;20.04.23;24.04.24
CHEVRON CORP - EARNINGS PER SHARE-REPRT DT-Q1;US1667641005;30.04.10;29.04.11;27.04.12;26.04.13;02.05.14;01.05.15;29.04.16;28.04.17;27.04.18;26.04.19;01.05.20;30.04.21;29.04.22;28.04.23;26.04.24
STATE STREET CORP - EARNINGS PER SHARE-REPRT DT-Q1;US8574771031;20.04.10;19.04.11;17.04.12;19.04.13;25.04.14;24.04.15;27.04.16;26.04.17;20.04.18;23.04.19;17.04.20;16.04.21;14.04.22;17.04.23;12.04.24
STARBUCKS CORP - EARNINGS PER SHARE-REPRT DT-Q1;US8552441094;21.04.10;27.04.11;26.04.12;25.04.13;24.04.14;23.04.15;21.04.16;27.04.17;26.04.18;25.04.19;28.04.20;27.04.21;03.05.22;02.05.23;30.04.24
STEEL DYNAMICS, INC. - EARNINGS PER SHARE-REPRT DT-Q1;US8581191009;19.04.10;18.04.11;18.04.12;17.04.13;16.04.14;20.04.15;06.05.16;19.04.17;18.04.18;22.04.19;20.04.20;19.04.21;20.04.22;19.04.23;23.04.24
PUBLIC STORAGE - EARNINGS PER SHARE-REPRT DT-Q1;US74460D1090;06.05.10;05.05.11;03.05.12;09.05.13;01.05.14;30.04.15;26.04.16;26.04.17;25.04.18;01.05.19;30.04.20;28.04.21;03.05.22;03.05.23;30.04.24
STRYKER CORPORATION - EARNINGS PER SHARE-REPRT DT-Q1;US8636671013;20.04.10;19.04.11;17.04.12;24.04.13;24.04.14;30.04.15;20.04.16;25.04.17;26.04.18;23.04.19;30.04.20;27.04.21;28.04.22;01.05.23;30.04.24
NETFLIX - EARNINGS PER SHARE-REPRT DT-Q1;US64110L1061;21.04.10;25.04.11;23.04.12;22.04.13;21.04.14;15.04.15;18.04.16;17.04.17;16.04.18;16.04.19;21.04.20;20.04.21;19.04.22;18.04.23;18.04.24
SYNOPSYS - EARNINGS PER SHARE-REPRT DT-Q1;US8716071076;17.02.10;16.02.11;22.02.12;20.02.13;19.02.14;18.02.15;17.02.16;15.02.17;21.02.18;20.02.19;19.02.20;17.02.21;16.02.22;15.02.23;21.02.24
SYSCO - EARNINGS PER SHARE-REPRT DT-Q1;US8718291078;03.05.10;09.05.11;07.05.12;06.05.13;05.05.14;05.05.15;03.05.16;08.05.17;07.05.18;06.05.19;05.05.20;04.05.21;10.05.22;02.05.23;30.04.24
INTUITIVE SURGICAL - EARNINGS PER SHARE-REPRT DT-Q1;US46120E6023;15.04.10;19.04.11;17.04.12;18.04.13;22.04.14;21.04.15;19.04.16;18.04.17;17.04.18;18.04.19;16.04.20;20.04.21;21.04.22;18.04.23;18.04.24
TERADYNE INC - EARNINGS PER SHARE-REPRT DT-Q1;US8807701029;21.04.10;27.04.11;25.04.12;25.04.13;23.04.14;01.05.15;27.04.16;26.04.17;24.04.18;23.04.19;21.04.20;27.04.21;26.04.22;26.04.23;25.04.24
TEXAS INSTRUMENTS - EARNINGS PER SHARE-REPRT DT-Q1;US8825081040;26.04.10;18.04.11;23.04.12;22.04.13;23.04.14;22.04.15;04.05.16;25.04.17;24.04.18;23.04.19;21.04.20;27.04.21;26.04.22;25.04.23;23.04.24
TEXTRON INC - EARNINGS PER SHARE-REPRT DT-Q1;US8832031012;22.04.10;20.04.11;18.04.12;17.04.13;01.05.14;28.04.15;20.04.16;19.04.17;18.04.18;17.04.19;30.04.20;29.04.21;28.04.22;27.04.23;25.04.24
THERMO FISHER SCIENTIFIC - EARNINGS PER SHARE-REPRT DT-Q1;US8835561023;28.04.10;27.04.11;25.04.12;24.04.13;23.04.14;22.04.15;28.04.16;26.04.17;25.04.18;24.04.19;22.04.20;29.04.21;28.04.22;26.04.23;24.04.24
DAVITA - EARNINGS PER SHARE-REPRT DT-Q1;US23918K1088;27.04.10;02.05.11;01.05.12;07.05.13;01.05.14;04.05.15;04.05.16;02.05.17;03.05.18;07.05.19;05.05.20;29.04.21;05.05.22;08.05.23;02.05.24
TRACTOR SUPPLY - EARNINGS PER SHARE-REPRT DT-Q1;US8923561067;21.04.10;20.04.11;25.04.12;24.04.13;23.04.14;22.04.15;20.04.16;26.04.17;26.04.18;25.04.19;23.04.20;22.04.21;21.04.22;27.04.23;25.04.24
TRIMBLE INC - EARNINGS PER SHARE-REPRT DT-Q1;US8962391004;29.04.10;28.04.11;03.05.12;30.04.13;06.05.14;30.04.15;10.05.16;27.04.17;07.05.18;01.05.19;08.05.20;05.05.21;05.05.22;03.05.23;03.05.24
TYLER TECHNOLOGIES - EARNINGS PER SHARE-REPRT DT-Q1;US9022521051;29.04.10;28.04.11;26.04.12;24.04.13;23.04.14;22.04.15;27.04.16;26.04.17;02.05.18;01.05.19;29.04.20;28.04.21;27.04.22;26.04.23;24.04.24
TYSON FOODS, INC. - EARNINGS PER SHARE-REPRT DT-Q1;US9024941034;10.05.10;09.05.11;07.05.12;06.05.13;05.05.14;04.05.15;09.05.16;07.05.17;07.05.18;06.05.19;04.05.20;10.05.21;09.05.22;08.05.23;06.05.24
UNION PACIFIC CORP - EARNINGS PER SHARE-REPRT DT-Q1;US9078181081;22.04.10;20.04.11;19.04.12;18.04.13;17.04.14;23.04.15;21.04.16;27.04.17;26.04.18;18.04.19;23.04.20;22.04.21;21.04.22;20.04.23;25.04.24
UNITEDHEALTH GROUP - EARNINGS PER SHARE-REPRT DT-Q1;US91324P1021;20.04.10;21.04.11;19.04.12;18.04.13;17.04.14;16.04.15;19.04.16;18.04.17;17.04.18;16.04.19;15.04.20;15.04.21;14.04.22;14.04.23;16.04.24
UNIVERSAL HEALTH SVC - EARNINGS PER SHARE-REPRT DT-Q1;US9139031002;26.04.10;26.04.11;26.04.12;26.04.13;25.04.14;27.04.15;28.04.16;25.04.17;25.04.18;25.04.19;27.04.20;26.04.21;25.04.22;25.04.23;24.04.24
VENTAS INC - EARNINGS PER SHARE-REPRT DT-Q1;US92276F1003;28.04.10;05.05.11;27.04.12;26.04.13;25.04.14;24.04.15;29.04.16;28.04.17;27.04.18;26.04.19;08.05.20;07.05.21;05.05.22;08.05.23;01.05.24
VERTEX PHARMA INC - EARNINGS PER SHARE-REPRT DT-Q1;US92532F1003;21.04.10;03.05.11;26.04.12;30.04.13;01.05.14;29.04.15;27.04.16;27.04.17;26.04.18;30.04.19;29.04.20;29.04.21;05.05.22;01.05.23;06.05.24
VULCAN MATERIALS - EARNINGS PER SHARE-REPRT DT-Q1;US9291601097;01.05.10;04.05.11;26.04.12;02.05.13;06.05.14;05.05.15;03.05.16;10.05.17;03.05.18;02.05.19;06.05.20;04.05.21;04.05.22;04.05.23;02.05.24
WALMART INC - EARNINGS PER SHARE-REPRT DT-Q1;US9311421039;18.05.10;17.05.11;17.05.12;16.05.13;15.05.14;19.05.15;19.05.16;18.05.17;17.05.18;16.05.19;19.05.20;18.05.21;17.05.22;18.05.23;16.05.24
WASTE MANAGEMENT - EARNINGS PER SHARE-REPRT DT-Q1;US94106L1098;29.04.10;28.04.11;26.04.12;24.04.13;24.04.14;29.04.15;28.04.16;26.04.17;20.04.18;25.04.19;06.05.20;27.04.21;26.04.22;26.04.23;24.04.24
WATERS - EARNINGS PER SHARE-REPRT DT-Q1;US9418481035;27.04.10;26.04.11;24.04.12;23.04.13;29.04.14;28.04.15;26.04.16;24.04.17;24.04.18;23.04.19;28.04.20;05.05.21;03.05.22;09.05.23;07.05.24
WEST PHARM.SVS. - EARNINGS PER SHARE-REPRT DT-Q1;US9553061055;06.05.10;28.04.11;26.04.12;06.05.13;01.05.14;30.04.15;06.05.16;27.04.17;26.04.18;25.04.19;23.04.20;29.04.21;28.04.22;27.04.23;25.04.24
J M SMUCKER - EARNINGS PER SHARE-REPRT DT-Q1;US8326964058;24.02.10;17.02.11;16.02.12;15.02.13;14.02.14;13.02.15;23.02.16;17.02.17;16.02.18;26.02.19;26.02.20;25.02.21;01.03.22;28.02.23;27.02.24
WESTERN DIGITAL CORP - EARNINGS PER SHARE-REPRT DT-Q1;US9581021055;22.04.10;20.04.11;26.04.12;24.04.13;30.04.14;28.04.15;28.04.16;27.04.17;26.04.18;29.04.19;30.04.20;29.04.21;28.04.22;08.05.23;25.04.24
WESTINGHOUSE AIR - EARNINGS PER SHARE-REPRT DT-Q1;US9297401088;27.04.10;26.04.11;24.04.12;24.04.13;23.04.14;22.04.15;25.04.16;25.04.17;24.04.18;25.04.19;04.05.20;29.04.21;27.04.22;26.04.23;24.04.24
WEYERHAEUSER CO - EARNINGS PER SHARE-REPRT DT-Q1;US9621661043;29.04.10;29.04.11;27.04.12;26.04.13;25.04.14;01.05.15;06.05.16;28.04.17;27.04.18;26.04.19;01.05.20;30.04.21;29.04.22;27.04.23;25.04.24
SKYWORKS SOLUTIONS - EARNINGS PER SHARE-REPRT DT-Q1;US83088M1027;29.04.10;28.04.11;26.04.12;25.04.13;22.04.14;30.04.15;28.04.16;27.04.17;03.05.18;02.05.19;04.05.20;29.04.21;03.05.22;08.05.23;30.04.24
WYNN RESORTS - EARNINGS PER SHARE-REPRT DT-Q1;US9831341071;29.04.10;19.04.11;07.05.12;25.04.13;01.05.14;28.04.15;05.05.16;25.04.17;24.04.18;09.05.19;06.05.20;10.05.21;10.05.22;09.05.23;07.05.24
NASDAQ - EARNINGS PER SHARE-REPRT DT-Q1;US6311031081;30.04.10;20.04.11;25.04.12;24.04.13;24.04.14;23.04.15;27.04.16;26.04.17;25.04.18;24.04.19;22.04.20;21.04.21;20.04.22;19.04.23;25.04.24
CME GROUP INC - EARNINGS PER SHARE-REPRT DT-Q1;US12572Q1058;29.04.10;28.04.11;26.04.12;18.04.13;14.04.14;30.04.15;28.04.16;27.04.17;26.04.18;01.05.19;29.04.20;28.04.21;27.04.22;26.04.23;24.04.24
WILLIAMS COMPANIES - EARNINGS PER SHARE-REPRT DT-Q1;US9694571004;05.05.10;05.05.11;25.04.12;07.05.13;01.05.14;30.04.15;05.05.16;04.05.17;02.05.18;01.05.19;04.05.20;03.05.21;02.05.22;03.05.23;06.05.24
WILLIAMS-SONOMA - ONOMA - EARNINGS PER SHARE-REPRT DT-Q1;US9699041011;20.05.10;19.05.11;22.05.12;23.05.13;21.05.14;20.05.15;25.05.16;24.05.17;23.05.18;30.05.19;28.05.20;26.05.21;25.05.22;23.05.23;22.05.24
LKQ CORPORATION - EARNINGS PER SHARE-REPRT DT-Q1;US5018892084;29.04.10;28.04.11;26.04.12;25.04.13;29.04.14;01.05.15;28.04.16;27.04.17;26.04.18;25.04.19;30.04.20;29.04.21;28.04.22;27.04.23;23.04.24
ALLIANT ENERGY CORP - EARNINGS PER SHARE-REPRT DT-Q1;US0188021085;04.05.10;05.05.11;04.05.12;03.05.13;01.05.14;01.05.15;05.05.16;03.05.17;02.05.18;03.05.19;07.05.20;06.05.21;28.04.22;04.05.23;02.05.24
TJX COMPANIES INC - EARNINGS PER SHARE-REPRT DT-Q1;US8725401090;18.05.10;17.05.11;15.05.12;21.05.13;20.05.14;19.05.15;17.05.16;16.05.17;22.05.18;21.05.19;21.05.20;19.05.21;18.05.22;17.05.23;22.05.24
ZEBRA TECHNOLOGIES - EARNINGS PER SHARE-REPRT DT-Q1;US9892071054;04.05.10;04.05.11;27.04.12;02.05.13;06.05.14;13.05.15;10.05.16;09.05.17;08.05.18;30.04.19;28.04.20;04.05.21;03.05.22;02.05.23;30.04.24
REGIONS FINANCIAL - EARNINGS PER SHARE-REPRT DT-Q1;US7591EP1005;20.04.10;19.04.11;24.04.12;08.05.13;22.04.14;21.04.15;15.04.16;18.04.17;20.04.18;18.04.19;17.04.20;23.04.21;22.04.22;21.04.23;19.04.24
DOMINO' S PIZZA, INC - EARNINGS PER SHARE-REPRT DT-Q1;US25754A2015;04.05.10;05.05.11;01.05.12;30.04.13;01.05.14;23.04.15;28.04.16;27.04.17;26.04.18;24.04.19;23.04.20;29.04.21;28.04.22;27.04.23;29.04.24
MONOLITHIC POWER SYS - EARNINGS PER SHARE-REPRT DT-Q1;US6098391054;29.04.10;28.04.11;30.04.12;29.04.13;24.04.14;22.04.15;06.05.16;26.04.17;30.04.18;02.05.19;28.04.20;04.05.21;02.05.22;04.05.23;01.05.24
EXTRA SPACE STRG. - EARNINGS PER SHARE-REPRT DT-Q1;US30225T1025;03.05.10;27.04.11;30.04.12;29.04.13;28.04.14;29.04.15;02.05.16;26.04.17;01.05.18;30.04.19;06.05.20;28.04.21;03.05.22;02.05.23;30.04.24
LAS VEGAS SANDS - EARNINGS PER SHARE-REPRT DT-Q1;US5178341070;06.05.10;03.05.11;25.04.12;01.05.13;24.04.14;22.04.15;20.04.16;26.04.17;25.04.18;17.04.19;22.04.20;21.04.21;27.04.22;19.04.23;17.04.24
DIGITAL REALTY TST. - EARNINGS PER SHARE-REPRT DT-Q1;US2538681030;29.04.10;28.04.11;26.04.12;26.04.13;06.05.14;05.05.15;06.05.16;27.04.17;26.04.18;25.04.19;07.05.20;29.04.21;28.04.22;27.04.23;03.05.24
MOLSON COORS BEVERAGE COMPANY B - EARNINGS PER SHARE-REPRT DT-Q1;US60871R2094;04.05.10;04.05.11;08.05.12;07.05.13;07.05.14;07.05.15;03.05.16;03.05.17;02.05.18;01.05.19;30.04.20;29.04.21;03.05.22;02.05.23;30.04.24
DEXCOM INC - EARNINGS PER SHARE-REPRT DT-Q1;US2521311074;05.05.10;03.05.11;02.05.12;01.05.13;01.05.14;29.04.15;27.04.16;02.05.17;02.05.18;01.05.19;28.04.20;29.04.21;28.04.22;27.04.23;25.04.24
BUILDERS FIRSTSOURCE - EARNINGS PER SHARE-REPRT DT-Q1;US12008R1077;22.04.10;25.04.11;19.04.12;25.04.13;24.04.14;23.04.15;05.05.16;08.05.17;09.05.18;02.05.19;30.04.20;06.05.21;10.05.22;03.05.23;07.05.24
CF IND HLDGS INC - EARNINGS PER SHARE-REPRT DT-Q1;US1252691001;07.05.10;05.05.11;03.05.12;08.05.13;08.05.14;06.05.15;04.05.16;03.05.17;02.05.18;01.05.19;06.05.20;05.05.21;04.05.22;01.05.23;01.05.24
AMERIPRISE FINL. - EARNINGS PER SHARE-REPRT DT-Q1;US03076C1062;26.04.10;25.04.11;23.04.12;22.04.13;28.04.14;22.04.15;27.04.16;24.04.17;23.04.18;25.04.19;06.05.20;26.04.21;25.04.22;24.04.23;22.04.24
LIVE NATION ENTM. - EARNINGS PER SHARE-REPRT DT-Q1;US5380341090;10.05.10;05.05.11;09.05.12;07.05.13;06.05.14;30.04.15;03.05.16;04.05.17;03.05.18;02.05.19;07.05.20;06.05.21;05.05.22;04.05.23;02.05.24
CHIPOTLE MEXN.GRILL - EARNINGS PER SHARE-REPRT DT-Q1;US1696561059;21.04.10;21.04.11;19.04.12;18.04.13;17.04.14;22.04.15;26.04.16;25.04.17;25.04.18;25.04.19;21.04.20;21.04.21;26.04.22;25.04.23;24.04.24
TRANSDIGM GRP INC - EARNINGS PER SHARE-REPRT DT-Q1;US8936411003;10.05.10;11.05.11;08.05.12;07.05.13;06.05.14;05.05.15;11.05.16;09.05.17;01.05.18;07.05.19;05.05.20;11.05.21;10.05.22;09.05.23;07.05.24
MASTERCARD, INC. - EARNINGS PER SHARE-REPRT DT-Q1;US57636Q1040;04.05.10;03.05.11;02.05.12;01.05.13;01.05.14;29.04.15;28.04.16;02.05.17;02.05.18;30.04.19;29.04.20;29.04.21;28.04.22;27.04.23;01.05.24
FIRST SOLAR, INC. - EARNINGS PER SHARE-REPRT DT-Q1;US3364331070;28.04.10;03.05.11;03.05.12;06.05.13;06.05.14;30.04.15;27.04.16;02.05.17;26.04.18;02.05.19;07.05.20;29.04.21;28.04.22;27.04.23;01.05.24
BROADRIDGE FINANCIAL - EARNINGS PER SHARE-REPRT DT-Q1;US11133T1034;10.05.10;10.05.11;08.05.12;07.05.13;09.05.14;08.05.15;05.05.16;10.05.17;08.05.18;07.05.19;08.05.20;04.05.21;03.05.22;02.05.23;08.05.24
DELTA AIR LINES, INC - EARNINGS PER SHARE-REPRT DT-Q1;US2473617023;20.04.10;26.04.11;25.04.12;23.04.13;23.04.14;15.04.15;14.04.16;12.04.17;12.04.18;10.04.19;22.04.20;15.04.21;13.04.22;13.04.23;10.04.24
INTERACTIVE BROKERS - EARNINGS PER SHARE-REPRT DT-Q1;US45841N1072;22.04.10;21.04.11;19.04.12;16.04.13;15.04.14;21.04.15;19.04.16;18.04.17;17.04.18;16.04.19;21.04.20;20.04.21;19.04.22;18.04.23;16.04.24
INSULET CORP - EARNINGS PER SHARE-REPRT DT-Q1;US45784P1012;07.05.10;10.05.11;09.05.12;06.05.13;07.05.14;30.04.15;29.04.16;08.05.17;03.05.18;02.05.19;07.05.20;06.05.21;05.05.22;04.05.23;09.05.24
BANK OF NEW YORK - EARNINGS PER SHARE-REPRT DT-Q1;US0640581007;20.04.10;19.04.11;18.04.12;17.04.13;22.04.14;22.04.15;21.04.16;20.04.17;19.04.18;17.04.19;16.04.20;16.04.21;18.04.22;18.04.23;16.04.24
LULULEMON ATHLETIC - EARNINGS PER SHARE-REPRT DT-Q1;US5500211090;NA;NA;NA;NA;NA;NA;NA;NA;NA;NA;NA;NA;NA;NA;NA
ULTA BEAUTY INC - EARNINGS PER SHARE-REPRT DT-Q1;US90384S3031;03.06.10;07.06.11;01.06.12;11.06.13;10.06.14;28.05.15;26.05.16;25.05.17;01.06.18;30.05.19;28.05.20;27.05.21;26.05.22;25.05.23;30.05.24
INVESCO - EARNINGS PER SHARE-REPRT DT-Q1;BMG491BT1088;28.04.10;27.04.11;26.04.12;30.04.13;01.05.14;30.04.15;28.04.16;27.04.17;26.04.18;25.04.19;23.04.20;27.04.21;26.04.22;25.04.23;23.04.24
MSCI - EARNINGS PER SHARE-REPRT DT-Q1;US55354G1004;08.04.10;06.05.11;02.05.12;01.05.13;30.04.14;30.04.15;28.04.16;03.05.17;03.05.18;02.05.19;28.04.20;27.04.21;26.04.22;25.04.23;23.04.24
PHILIP MORRIS INTL. - EARNINGS PER SHARE-REPRT DT-Q1;US7181721090;22.04.10;21.04.11;19.04.12;18.04.13;17.04.14;16.04.15;19.04.16;20.04.17;19.04.18;18.04.19;21.04.20;20.04.21;21.04.22;20.04.23;23.04.24
VISA 'A' - EARNINGS PER SHARE-REPRT DT-Q1;US92826C8394;28.04.10;05.05.11;02.05.12;01.05.13;24.04.14;30.04.15;21.04.16;20.04.17;25.04.18;24.04.19;30.04.20;27.04.21;26.04.22;25.04.23;23.04.24
AMERICAN WATER WORKS - EARNINGS PER SHARE-REPRT DT-Q1;US0304201033;04.05.10;04.05.11;02.05.12;07.05.13;07.05.14;06.05.15;04.05.16;03.05.17;02.05.18;01.05.19;06.05.20;03.05.21;27.04.22;26.04.23;01.05.24
CHUBB - EARNINGS PER SHARE-REPRT DT-Q1;CH0044328745;28.04.10;04.05.11;24.04.12;22.04.13;29.04.14;29.04.15;10.05.16;26.04.17;24.04.18;30.04.19;21.04.20;27.04.21;26.04.22;25.04.23;23.04.24
MARATHON PETRO - EARNINGS PER SHARE-REPRT DT-Q1;US56585A1025;NA;26.05.11;01.05.12;30.04.13;01.05.14;30.04.15;28.04.16;27.04.17;30.04.18;08.05.19;05.05.20;04.05.21;03.05.22;02.05.23;30.04.24
MOSAIC - EARNINGS PER SHARE-REPRT DT-Q1;US61945C1036;20.05.11;20.05.11;28.03.12;05.11.13;06.05.14;30.04.15;04.05.16;01.05.17;07.05.18;06.05.19;05.05.20;03.05.21;02.05.22;03.05.23;01.05.24
KINDER MORGAN - EARNINGS PER SHARE-REPRT DT-Q1;US49456B1017;03.02.11;20.04.11;18.04.12;17.04.13;16.04.14;15.04.15;20.04.16;19.04.17;18.04.18;17.04.19;22.04.20;21.04.21;20.04.22;19.04.23;17.04.24
XYLEM - EARNINGS PER SHARE-REPRT DT-Q1;US98419M1009;NA;NA;03.05.12;30.04.13;29.04.14;30.04.15;03.05.16;02.05.17;01.05.18;02.05.19;05.05.20;04.05.21;04.05.22;04.05.23;02.05.24
STANLEY BLACK - EARNINGS PER SHARE-REPRT DT-Q1;US8545021011;27.04.10;26.04.11;18.04.12;25.04.13;24.04.14;23.04.15;21.04.16;21.04.17;20.04.18;24.04.19;30.04.20;28.04.21;28.04.22;04.05.23;02.05.24
LYONDELLBASELL - EARNINGS PER SHARE-REPRT DT-Q1;NL0009434992;20.08.10;05.05.11;30.04.12;26.04.13;29.04.14;24.04.15;22.04.16;28.04.17;27.04.18;26.04.19;01.05.20;30.04.21;29.04.22;28.04.23;26.04.24
GARMIN LTD. - EARNINGS PER SHARE-REPRT DT-Q1;CH0114405324;05.05.10;04.05.11;02.05.12;01.05.13;30.04.14;29.04.15;27.04.16;03.05.17;02.05.18;01.05.19;29.04.20;28.04.21;27.04.22;03.05.23;01.05.24
HUNTINGTON INGALLS - EARNINGS PER SHARE-REPRT DT-Q1;US4464131063;11.05.11;11.05.11;09.05.12;08.05.13;08.05.14;07.05.15;05.05.16;04.05.17;03.05.18;02.05.19;07.05.20;06.05.21;05.05.22;04.05.23;02.05.24
PROLOGIS - EARNINGS PER SHARE-REPRT DT-Q1;US74340W1036;21.04.10;20.04.11;01.05.12;24.04.13;07.05.14;04.05.15;19.04.16;18.04.17;17.04.18;16.04.19;21.04.20;19.04.21;19.04.22;18.04.23;17.04.24
EPAM SYSTE - EARNINGS PER SHARE-REPRT DT-Q1;US29414B1044;22.07.11;22.07.11;08.05.12;08.05.13;30.04.14;06.05.15;05.05.16;04.05.17;09.05.18;09.05.19;07.05.20;06.05.21;05.05.22;05.05.23;09.05.24
ACCENTURE PLC - EARNINGS PER SHARE-REPRT DT-Q1;IE00B4BNMY34;25.03.10;24.03.11;22.03.12;28.03.13;27.03.14;26.03.15;24.03.16;23.03.17;22.03.18;28.03.19;19.03.20;18.03.21;17.03.22;23.03.23;21.03.24
HCA HEALTHCARE - EARNINGS PER SHARE-REPRT DT-Q1;US40412C1018;07.05.10;04.05.11;03.05.12;15.04.13;29.04.14;05.05.15;03.05.16;17.04.17;01.05.18;30.04.19;21.04.20;22.04.21;22.04.22;21.04.23;26.04.24
VERISK ANALYTICS - EARNINGS PER SHARE-REPRT DT-Q1;US92345Y1064;06.05.10;03.05.11;01.05.12;30.04.13;29.04.14;28.04.15;03.05.16;02.05.17;01.05.18;30.04.19;05.05.20;04.05.21;03.05.22;03.05.23;01.05.24
UNITED AIR - EARNINGS PER SHARE-REPRT DT-Q1;US9100471096;27.04.10;21.04.11;26.04.12;25.04.13;24.04.14;23.04.15;21.04.16;17.04.17;17.04.18;16.04.19;30.04.20;19.04.21;20.04.22;18.04.23;16.04.24
RALPH LAUREN CL.A - EARNINGS PER SHARE-REPRT DT-Q1;US7512121010;19.05.10;25.05.11;22.05.12;23.05.13;09.05.14;13.05.15;12.05.16;18.05.17;23.05.18;14.05.19;27.05.20;20.05.21;24.05.22;25.05.23;23.05.24
NXP SEMICONDUCTORS - EARNINGS PER SHARE-REPRT DT-Q1;NL0009538784;10.06.10;04.05.11;26.04.12;22.04.13;24.04.14;30.04.15;26.04.16;04.05.17;03.05.18;30.04.19;27.04.20;26.04.21;02.05.22;01.05.23;29.04.24
TARGA RESOURCES - EARNINGS PER SHARE-REPRT DT-Q1;US87612G1013;NA;NA;NA;NA;01.05.14;05.05.15;10.05.16;04.05.17;03.05.18;07.05.19;07.05.20;06.05.21;05.05.22;04.05.23;02.05.24
CBOE GLOBAL MARKETS(BTS) - EARNINGS PER SHARE-REPRT DT-Q1;US12503M1080;26.04.10;05.05.11;01.05.12;03.05.13;06.05.14;01.05.15;29.04.16;09.05.17;04.05.18;03.05.19;01.05.20;30.04.21;29.04.22;05.05.23;03.05.24
DOLLAR GENERAL CORP - EARNINGS PER SHARE-REPRT DT-Q1;US2566771059;08.06.10;01.06.11;04.06.12;04.06.13;03.06.14;02.06.15;26.05.16;01.06.17;31.05.18;30.05.19;28.05.20;27.05.21;26.05.22;01.06.23;30.05.24
FORTINET INC - EARNINGS PER SHARE-REPRT DT-Q1;US34959E1091;25.04.10;27.04.11;24.04.12;10.04.13;23.04.14;20.04.15;26.04.16;27.04.17;03.05.18;02.05.19;06.05.20;29.04.21;04.05.22;04.05.23;02.05.24
MOTOROLA SOLUTIONS - EARNINGS PER SHARE-REPRT DT-Q1;US6200763075;29.04.10;28.04.11;25.04.12;24.04.13;01.05.14;06.05.15;06.05.16;04.05.17;03.05.18;02.05.19;07.05.20;06.05.21;12.05.22;04.05.23;02.05.24
TESLA - EARNINGS PER SHARE-REPRT DT-Q1;US88160R1014;28.06.10;13.05.11;09.05.12;08.05.13;07.05.14;06.05.15;04.05.16;03.05.17;02.05.18;24.04.19;30.04.20;26.04.21;20.04.22;19.04.23;23.04.24
GENERAC HOLDINGS - EARNINGS PER SHARE-REPRT DT-Q1;US3687361044;14.05.10;13.05.11;08.05.12;02.05.13;01.05.14;30.04.15;04.05.16;27.04.17;02.05.18;02.05.19;30.04.20;29.04.21;04.05.22;03.05.23;01.05.24
O REILLY AUTOMOTIVE - EARNINGS PER SHARE-REPRT DT-Q1;US67103H1077;28.04.10;27.04.11;25.04.12;25.04.13;23.04.14;22.04.15;09.05.16;26.04.17;25.04.18;24.04.19;22.04.20;28.04.21;27.04.22;26.04.23;24.04.24
GENERAL MOTORS CO - EARNINGS PER SHARE-REPRT DT-Q1;US37045V1008;17.05.10;05.05.11;03.05.12;02.05.13;23.04.14;23.04.15;21.04.16;28.04.17;26.04.18;30.04.19;06.05.20;05.05.21;26.04.22;25.04.23;23.04.24
CBRE GROUP - EARNINGS PER SHARE-REPRT DT-Q1;US12504L1098;28.04.10;26.04.11;24.04.12;25.04.13;30.04.14;29.04.15;28.04.16;27.04.17;02.05.18;08.05.19;07.05.20;29.04.21;05.05.22;27.04.23;03.05.24
EXPEDIA GROUP INC - EARNINGS PER SHARE-REPRT DT-Q1;US30212P3038;29.04.10;28.04.11;26.04.12;25.04.13;01.05.14;30.04.15;29.04.16;27.04.17;26.04.18;02.05.19;20.05.20;06.05.21;02.05.22;04.05.23;02.05.24
PHILLIPS 66 - EARNINGS PER SHARE-REPRT DT-Q1;US7185461040;NA;NA;16.05.12;01.05.13;30.04.14;01.05.15;29.04.16;28.04.17;27.04.18;30.04.19;01.05.20;30.04.21;29.04.22;03.05.23;26.04.24
AMERICAN TOWER CORP - EARNINGS PER SHARE-REPRT DT-Q1;US03027X1000;04.05.10;03.05.11;03.05.12;01.05.13;01.05.14;30.04.15;29.04.16;27.04.17;01.05.18;03.05.19;29.04.20;29.04.21;27.04.22;26.04.23;30.04.24
META PLATFORMS INC - EARNINGS PER SHARE-REPRT DT-Q1;US30303M1027;01.02.12;01.02.12;23.04.12;01.05.13;23.04.14;22.04.15;27.04.16;03.05.17;25.04.18;24.04.19;29.04.20;28.04.21;27.04.22;26.04.23;24.04.24
DUKE ENERGY CORP - EARNINGS PER SHARE-REPRT DT-Q1;US26441C2044;04.05.10;03.05.11;04.05.12;03.05.13;07.05.14;01.05.15;03.05.16;09.05.17;10.05.18;09.05.19;12.05.20;10.05.21;09.05.22;09.05.23;07.05.24
DIAMONDBACK - EARNINGS PER SHARE-REPRT DT-Q1;US25278X1090;NA;08.06.12;08.06.12;07.05.13;07.05.14;06.05.15;05.05.16;02.05.17;08.05.18;07.05.19;04.05.20;03.05.21;02.05.22;01.05.23;30.04.24
SERVICE - EARNINGS PER SHARE-REPRT DT-Q1;US81762P1021;NA;NA;04.05.12;24.04.13;23.04.14;16.04.15;20.04.16;26.04.17;25.04.18;24.04.19;29.04.20;28.04.21;27.04.22;26.04.23;24.04.24
PALO ALTO - EARNINGS PER SHARE-REPRT DT-Q1;US6974351057;NA;06.04.12;06.04.12;28.02.13;24.02.14;02.03.15;25.02.16;28.02.17;26.02.18;26.02.19;24.02.20;22.02.21;22.02.22;21.02.23;20.02.24
MONDELEZ INTERNATIONAL CL.A - EARNINGS PER SHARE-REPRT DT-Q1;US6092071058;07.05.10;05.05.11;03.05.12;07.05.13;08.05.14;29.04.15;28.04.16;02.05.17;01.05.18;30.04.19;28.04.20;27.04.21;26.04.22;27.04.23;30.04.24
WORKDAY CLASS A - EARNINGS PER SHARE-REPRT DT-Q1;US98138H1014;NA;30.08.12;30.08.12;22.05.13;06.06.14;26.05.15;31.05.16;01.06.17;01.06.18;28.05.19;27.05.20;26.05.21;26.05.22;25.05.23;23.05.24
EATON - EARNINGS PER SHARE-REPRT DT-Q1;IE00B8KQN827;20.04.10;20.04.11;23.04.12;29.04.13;29.04.14;29.04.15;29.04.16;02.05.17;01.05.18;30.04.19;30.04.20;04.05.21;03.05.22;02.05.23;30.04.24
ABBVIE - EARNINGS PER SHARE-REPRT DT-Q1;US00287Y1091;NA;04.06.12;04.06.12;08.05.13;25.04.14;23.04.15;28.04.16;27.04.17;26.04.18;25.04.19;01.05.20;30.04.21;29.04.22;27.04.23;26.04.24
OBILE US INC - EARNINGS PER SHARE-REPRT DT-Q1;US8725901040;06.05.10;03.05.11;26.04.12;24.04.13;01.05.14;28.04.15;26.04.16;24.04.17;01.05.18;25.04.19;06.05.20;04.05.21;27.04.22;27.04.23;25.04.24
PTC INC - EARNINGS PER SHARE-REPRT DT-Q1;US69370C1009;27.04.10;27.04.11;25.04.12;24.04.13;23.04.14;29.04.15;20.04.16;19.04.17;18.04.18;24.04.19;29.04.20;28.04.21;27.04.22;26.04.23;03.05.24
ZOETIS - EARNINGS PER SHARE-REPRT DT-Q1;US98978V1035;NA;10.08.12;10.08.12;15.05.13;13.05.14;05.05.15;04.05.16;04.05.17;02.05.18;02.05.19;06.05.20;06.05.21;05.05.22;04.05.23;02.05.24
NORWEGIAN CRUISE LINE HDG. - EARNINGS PER SHARE-REPRT DT-Q1;BMG667211046;15.07.11;15.07.11;06.05.13;06.05.13;29.04.14;07.05.15;10.05.16;10.05.17;02.05.18;09.05.19;14.05.20;06.05.21;10.05.22;01.05.23;01.05.24
NEWS 'A' - EARNINGS PER SHARE-REPRT DT-Q1;US65249B1098;NA;NA;10.05.13;10.05.13;08.05.14;05.05.15;05.05.16;09.05.17;10.05.18;09.05.19;07.05.20;06.05.21;05.05.22;11.05.23;08.05.24
NEWS 'B' - EARNINGS PER SHARE-REPRT DT-Q1;US65249B2088;NA;NA;10.05.13;10.05.13;08.05.14;05.05.15;05.05.16;09.05.17;10.05.18;09.05.19;07.05.20;06.05.21;05.05.22;11.05.23;08.05.24
CDW CORP - EARNINGS PER SHARE-REPRT DT-Q1;US12514G1085;NA;13.05.11;15.05.12;09.05.13;08.05.14;07.05.15;05.05.16;02.05.17;02.05.18;01.05.19;06.05.20;05.05.21;04.05.22;03.05.23;01.05.24
KEURIG DR PEPPER INC - EARNINGS PER SHARE-REPRT DT-Q1;US49271V1008;06.05.10;27.04.11;25.04.12;24.04.13;23.04.14;23.04.15;27.04.16;26.04.17;25.04.18;09.05.19;27.04.20;29.04.21;28.04.22;27.04.23;25.04.24
INVITATION HOME - EARNINGS PER SHARE-REPRT DT-Q1;US46187W1071;NA;NA;NA;NA;NA;NA;12.05.17;12.05.17;14.05.18;06.05.19;06.05.20;28.04.21;27.04.22;01.05.23;30.04.24
TRADE DESK INC - EARNINGS PER SHARE-REPRT DT-Q1;US88339J1051;NA;NA;NA;NA;NA;NA;15.07.16;11.05.17;10.05.18;09.05.19;07.05.20;10.05.21;10.05.22;10.05.23;08.05.24
WILLIS TOWERS WAT - EARNINGS PER SHARE-REPRT DT-Q1;IE00BDB6Q211;28.04.10;10.05.11;26.04.12;30.04.13;29.04.14;29.04.15;10.05.16;04.05.17;07.05.18;03.05.19;30.04.20;29.04.21;28.04.22;27.04.23;25.04.24
HUBBELL INC - EARNINGS PER SHARE-REPRT DT-Q1;US4435106079;21.04.10;21.04.11;19.04.12;18.04.13;22.04.14;24.04.15;27.04.16;25.04.17;24.04.18;30.04.19;30.04.20;27.04.21;26.04.22;25.04.23;30.04.24
BAKER HUGHES CO - EARNINGS PER SHARE-REPRT DT-Q1;US05722G1004;04.05.10;27.04.11;24.04.12;18.04.13;17.04.14;21.04.15;02.05.16;25.04.17;20.04.18;30.04.19;22.04.20;21.04.21;20.04.22;19.04.23;23.04.24
LAMB WESTON HOLDIN - EARNINGS PER SHARE-REPRT DT-Q1;US5132721045;NA;NA;NA;NA;NA;NA;13.07.16;06.04.17;05.04.18;02.04.19;01.04.20;07.04.21;04.07.22;06.04.23;04.04.24
IQVIA HOLDINGS INC - EARNINGS PER SHARE-REPRT DT-Q1;US46266C1053;NA;26.04.13;26.04.13;13.05.13;01.05.14;29.04.15;03.05.16;03.05.17;02.05.18;01.05.19;28.04.20;22.04.21;27.04.22;27.04.23;02.05.24
BOOKING HOLDINGS - EARNINGS PER SHARE-REPRT DT-Q1;US09857L1089;10.05.10;05.05.11;09.05.12;09.05.13;07.05.14;07.05.15;04.05.16;09.05.17;09.05.18;09.05.19;07.05.20;05.05.21;04.05.22;04.05.23;02.05.24
AXON ENTERPRISE - EARNINGS PER SHARE-REPRT DT-Q1;US05464C1018;23.04.10;21.04.11;26.04.12;25.04.13;30.04.14;30.04.15;10.05.16;09.05.17;08.05.18;09.05.19;07.05.20;06.05.21;10.05.22;09.05.23;06.05.24
LEIDOS HOLDINGS - EARNINGS PER SHARE-REPRT DT-Q1;US5253271028;03.06.10;02.06.11;31.05.12;03.06.13;04.06.14;NA;28.04.16;04.05.17;03.05.18;30.04.19;05.05.20;04.05.21;03.05.22;02.05.23;30.04.24
BROADCOM - EARNINGS PER SHARE-REPRT DT-Q1;US11135F1012;04.03.10;10.03.11;22.02.12;26.02.13;25.02.14;25.02.15;10.03.16;01.03.17;15.03.18;14.03.19;12.03.20;04.03.21;03.03.22;02.03.23;07.03.24
TAPESTRY - EARNINGS PER SHARE-REPRT DT-Q1;US8760301072;20.04.10;26.04.11;24.04.12;23.04.13;29.04.14;28.04.15;26.04.16;02.05.17;01.05.18;09.05.19;30.04.20;06.05.21;12.05.22;11.05.23;09.05.24
EVERGY INC - EARNINGS PER SHARE-REPRT DT-Q1;US30034W1062;06.05.10;05.05.11;09.05.12;08.05.13;07.05.14;05.05.15;03.05.16;09.05.17;08.05.18;08.05.19;06.05.20;06.05.21;05.05.22;05.05.23;09.05.24
ALLEGION PLC - EARNINGS PER SHARE-REPRT DT-Q1;IE00BFRT3W74;NA;NA;17.06.13;17.06.13;30.04.14;30.04.15;28.04.16;27.04.17;26.04.18;25.04.19;23.04.20;22.04.21;26.04.22;26.04.23;25.04.24
INTERCONTINENTAL - EARNINGS PER SHARE-REPRT DT-Q1;US45866F1049;05.05.10;04.05.11;02.05.12;01.05.13;08.05.14;05.05.15;04.05.16;03.05.17;03.05.18;02.05.19;30.04.20;29.04.21;05.05.22;04.05.23;02.05.24
DAYFORCE - EARNINGS PER SHARE-REPRT DT-Q1;US15677J1088;NA;NA;NA;NA;NA;NA;12.04.18;12.04.18;22.05.18;01.05.19;06.05.20;05.05.21;04.05.22;03.05.23;01.05.24
STERIS - EARNINGS PER SHARE-REPRT DT-Q1;IE00BFY8C754;06.05.10;09.05.11;08.05.12;07.05.13;08.05.14;07.05.15;31.05.16;09.05.17;09.05.18;13.05.19;13.05.20;18.05.21;12.05.22;10.05.23;08.05.24
KKR AND CO. ORD. SHS. - EARNINGS PER SHARE-REPRT DT-Q1;US48251W1045;07.07.10;04.05.11;27.04.12;25.04.13;24.04.14;23.04.15;25.04.16;27.04.17;03.05.18;03.05.19;06.05.20;04.05.21;03.05.22;10.05.23;09.05.24
MODERNA INC - EARNINGS PER SHARE-REPRT DT-Q1;US60770K1079;NA;NA;NA;NA;NA;NA;NA;NA;08.05.19;08.05.19;07.05.20;06.05.21;04.05.22;04.05.23;02.05.24
CIGNA GROUP - EARNINGS PER SHARE-REPRT DT-Q1;US1255231003;06.05.10;05.05.11;03.05.12;02.05.13;01.05.14;30.04.15;06.05.16;05.05.17;03.05.18;02.05.19;30.04.20;07.05.21;06.05.22;05.05.23;02.05.24
DELL TECH - EARNINGS PER SHARE-REPRT DT-Q1;US24703L2025;NA;NA;NA;NA;NA;10.06.16;10.06.16;08.06.17;04.06.18;30.05.19;28.05.20;27.05.21;26.05.22;01.06.23;30.05.24
DOW INC - EARNINGS PER SHARE-REPRT DT-Q1;US2605571031;NA;NA;NA;NA;NA;NA;NA;07.09.18;03.05.19;03.05.19;30.04.20;22.04.21;21.04.22;25.04.23;25.04.24
AMCOR PLC - EARNINGS PER SHARE-REPRT DT-Q1;JE00BJ1F3079;NA;NA;NA;NA;NA;NA;NA;NA;NA;11.05.20;11.05.20;04.05.21;03.05.22;02.05.23;30.04.24
HEALTHPEAK - EARNINGS PER SHARE-REPRT DT-Q1;US42250P1030;27.04.10;03.05.11;01.05.12;30.04.13;06.05.14;05.05.15;09.05.16;02.05.17;03.05.18;01.05.19;05.05.20;04.05.21;03.05.22;27.04.23;25.04.24
FOX CORP - EARNINGS PER SHARE-REPRT DT-Q1;US35137L1052;NA;NA;NA;NA;NA;NA;NA;NA;08.05.19;08.05.19;06.05.20;05.05.21;10.05.22;09.05.23;08.05.24
FOX CORP - EARNINGS PER SHARE-REPRT DT-Q1;US35137L2043;NA;NA;NA;NA;NA;NA;NA;NA;08.05.19;08.05.19;06.05.20;05.05.21;10.05.22;09.05.23;08.05.24
CROWDSTRIKE HOLD - EARNINGS PER SHARE-REPRT DT-Q1;US22788C1053;NA;NA;NA;NA;NA;NA;NA;NA;18.07.19;18.07.19;02.06.20;03.06.21;02.06.22;31.05.23;04.06.24
GEN DIGITAL INC - EARNINGS PER SHARE-REPRT DT-Q1;US6687711084;05.05.10;11.05.11;02.05.12;07.05.13;08.05.14;14.05.15;12.05.16;10.05.17;10.05.18;09.05.19;14.05.20;10.05.21;05.05.22;11.05.23;09.05.24
DUPONT DE NEMOURS - EARNINGS PER SHARE-REPRT DT-Q1;US26614N1028;NA;NA;NA;NA;NA;NA;10.06.16;26.10.17;03.05.18;02.05.19;05.05.20;04.05.21;03.05.22;02.05.23;01.05.24
CARRIER GLOBAL - EARNINGS PER SHARE-REPRT DT-Q1;US14448C1045;NA;NA;NA;NA;NA;NA;NA;NA;NA;08.05.20;08.05.20;29.04.21;28.04.22;25.04.23;25.04.24
OTIS WORLDWIDE - EARNINGS PER SHARE-REPRT DT-Q1;US68902V1070;NA;NA;NA;NA;NA;NA;NA;NA;NA;07.05.20;07.05.20;26.04.21;25.04.22;26.04.23;24.04.24
UBER TECHNOLOGIES - EARNINGS PER SHARE-REPRT DT-Q1;US90353T1007;NA;NA;NA;NA;NA;NA;NA;11.04.19;30.05.19;30.05.19;07.05.20;05.05.21;04.05.22;02.05.23;08.05.24
GLOBE LIFE INC - EARNINGS PER SHARE-REPRT DT-Q1;US37959E1029;27.04.10;26.04.11;24.04.12;23.04.13;22.04.14;22.04.15;26.04.16;19.04.17;18.04.18;17.04.19;22.04.20;21.04.21;20.04.22;03.05.23;22.04.24
CORTEVA INC - EARNINGS PER SHARE-REPRT DT-Q1;US22052L1044;NA;NA;NA;NA;NA;NA;NA;NA;01.08.19;01.08.19;06.05.20;04.05.21;04.05.22;03.05.23;01.05.24
MATCH GROUP - EARNINGS PER SHARE-REPRT DT-Q1;US57667L1070;NA;NA;NA;NA;12.08.15;12.08.15;03.05.16;02.05.17;08.05.18;07.05.19;05.05.20;04.05.21;03.05.22;02.05.23;07.05.24
L3HARRIS TECHNOLOGIES - EARNINGS PER SHARE-REPRT DT-Q1;US5024311095;28.04.10;03.05.11;01.05.12;30.04.13;29.04.14;06.05.15;03.05.16;03.05.17;02.05.18;NA;05.05.20;30.04.21;28.04.22;27.04.23;25.04.24
TRANE TECHNOLOGIES - EARNINGS PER SHARE-REPRT DT-Q1;IE00BK9ZQ967;07.05.10;15.04.11;26.04.12;25.04.13;23.04.14;23.04.15;26.04.16;26.04.17;25.04.18;30.04.19;05.05.20;05.05.21;04.05.22;03.05.23;30.04.24
BLACKSTONE - EARNINGS PER SHARE-REPRT DT-Q1;US09260D1072;22.04.10;21.04.11;19.04.12;18.04.13;17.04.14;16.04.15;05.05.16;20.04.17;19.04.18;18.04.19;23.04.20;22.04.21;21.04.22;20.04.23;18.04.24
HOWMET AEROSPACE - EARNINGS PER SHARE-REPRT DT-Q1;US4432011082;12.04.10;12.04.11;10.04.12;08.04.13;08.04.14;09.04.15;11.04.16;25.04.17;30.04.18;30.04.19;05.05.20;06.05.21;03.05.22;02.05.23;02.05.24
TRUIST FINANCIAL - EARNINGS PER SHARE-REPRT DT-Q1;US89832Q1094;22.04.10;21.04.11;19.04.12;02.05.13;17.04.14;23.04.15;21.04.16;20.04.17;19.04.18;18.04.19;20.04.20;15.04.21;19.04.22;20.04.23;22.04.24
DATADOG INC - EARNINGS PER SHARE-REPRT DT-Q1;US23804L1035;NA;NA;NA;NA;NA;NA;NA;17.09.19;30.07.19;30.07.19;11.05.20;06.05.21;05.05.22;04.05.23;07.05.24
SEAGATE TECHNOLOGY - EARNINGS PER SHARE-REPRT DT-Q1;IE00BKVD2N49;20.04.10;19.04.11;17.04.12;01.05.13;29.04.14;30.04.15;29.04.16;26.04.17;01.05.18;30.04.19;22.04.20;22.04.21;27.04.22;20.04.23;23.04.24
GENERAL ELECTRIC CO - EARNINGS PER SHARE-REPRT DT-Q1;US3696043013;16.04.10;21.04.11;20.04.12;19.04.13;17.04.14;17.04.15;22.04.16;21.04.17;20.04.18;30.04.19;29.04.20;27.04.21;26.04.22;25.04.23;23.04.24
INGERSOLL RAND - EARNINGS PER SHARE-REPRT DT-Q1;US45687V1061;NA;NA;NA;NA;NA;NA;03.05.17;03.05.17;26.04.18;30.04.19;12.05.20;28.04.21;04.05.22;03.05.23;02.05.24
GE HEALTHCARE - EARNINGS PER SHARE-REPRT DT-Q1;US36266G1076;NA;NA;NA;NA;NA;NA;NA;NA;NA;NA;NA;NA;25.04.23;25.04.23;30.04.24
PAYCOM SOFTWARE INC - EARNINGS PER SHARE-REPRT DT-Q1;US70432V1026;NA;NA;31.03.14;31.03.14;15.05.14;06.05.15;03.05.16;02.05.17;01.05.18;30.04.19;28.04.20;04.05.21;03.05.22;02.05.23;01.05.24
ARISTA NETWORKS INC - EARNINGS PER SHARE-REPRT DT-Q1;US0404132054;NA;NA;NA;NA;02.05.14;15.05.15;05.05.16;04.05.17;03.05.18;02.05.19;05.05.20;04.05.21;02.05.22;01.05.23;07.05.24
AON PLC - EARNINGS PER SHARE-REPRT DT-Q1;IE00BLP1HW54;30.04.10;29.04.11;04.05.12;26.04.13;25.04.14;01.05.15;29.04.16;09.05.17;04.05.18;26.04.19;01.05.20;30.04.21;29.04.22;28.04.23;26.04.24
PENTAIR - EARNINGS PER SHARE-REPRT DT-Q1;IE00BLS09M33;27.04.10;26.04.11;24.04.12;23.04.13;22.04.14;21.04.15;26.04.16;25.04.17;19.04.18;17.04.19;30.04.20;22.04.21;21.04.22;27.04.23;23.04.24
RTX - EARNINGS PER SHARE-REPRT DT-Q1;US75513E1010;21.04.10;20.04.11;24.04.12;23.04.13;22.04.14;21.04.15;27.04.16;25.04.17;24.04.18;23.04.19;07.05.20;27.04.21;26.04.22;25.04.23;23.04.24
WARNER BROS DISCOVERY SERIES A - EARNINGS PER SHARE-REPRT DT-Q1;US9344231041;30.04.10;28.04.11;08.05.12;07.05.13;05.05.14;05.05.15;05.05.16;09.05.17;08.05.18;02.05.19;06.05.20;28.04.21;26.04.22;05.05.23;09.05.24
TEXAS PACIFIC LAND TRUST - EARNINGS PER SHARE-REPRT DT-Q1;US88262P1021;28.04.10;29.04.11;30.04.12;07.05.13;07.05.14;29.04.15;28.04.16;27.04.17;30.04.18;25.04.19;30.04.20;06.05.21;04.05.22;03.05.23;08.05.24
COINBASE GLOBAL INC - EARNINGS PER SHARE-REPRT DT-Q1;US19260Q1076;NA;NA;NA;NA;NA;NA;NA;NA;NA;25.02.21;25.02.21;14.05.21;10.05.22;04.05.23;02.05.24
AIRBNB - EARNINGS PER SHARE-REPRT DT-Q1;US0090661010;NA;NA;NA;NA;NA;NA;NA;NA;16.11.20;16.11.20;16.11.20;13.05.21;03.05.22;09.05.23;08.05.24
CONSTELLATION ENERGY - EARNINGS PER SHARE-REPRT DT-Q1;US21037T1097;NA;NA;NA;NA;NA;NA;NA;NA;NA;NA;NA;12.05.22;12.05.22;04.05.23;09.05.24
SOLVENTUM - EARNINGS PER SHARE-REPRT DT-Q1;US83444M1018;NA;NA;NA;NA;NA;NA;NA;NA;NA;NA;NA;NA;NA;NA;09.05.24
APPLOVIN A - EARNINGS PER SHARE-REPRT DT-Q1;US03831W1080;NA;NA;NA;NA;NA;NA;NA;NA;NA;07.04.21;07.04.21;12.05.21;13.05.22;10.05.23;08.05.24
VIATRIS - EARNINGS PER SHARE-REPRT DT-Q1;US92556V1061;29.04.10;03.05.11;26.04.12;02.05.13;01.05.14;05.05.15;03.05.16;10.05.17;09.05.18;07.05.19;11.05.20;10.05.21;09.05.22;08.05.23;09.05.24
CORPAY INC - EARNINGS PER SHARE-REPRT DT-Q1;US2199481068;25.03.11;NA;09.05.12;02.05.13;01.05.14;30.04.15;04.05.16;01.05.17;03.05.18;07.05.19;07.05.20;05.05.21;05.05.22;02.05.23;08.05.24
EXPAND ENERGY CORP - EARNINGS PER SHARE-REPRT DT-Q1;US1651677353;04.05.10;02.05.11;01.05.12;01.05.13;07.05.14;06.05.15;05.05.16;04.05.17;02.05.18;08.05.19;11.05.20;11.05.21;04.05.22;02.05.23;30.04.24
BLACKROCK INC - EARNINGS PER SHARE-REPRT DT-Q1;US09290D1019;26.04.10;21.04.11;18.04.12;16.04.13;17.04.14;16.04.15;14.04.16;19.04.17;12.04.18;16.04.19;16.04.20;15.04.21;13.04.22;14.04.23;12.04.24
DOORDASH INC - EARNINGS PER SHARE-REPRT DT-Q1;US25809K1051;NA;NA;NA;NA;NA;NA;NA;NA;NA;13.11.20;13.11.20;14.05.21;05.05.22;04.05.23;01.05.24
APOLLO GLOB - EARNINGS PER SHARE-REPRT DT-Q1;US03769M1062;12.05.11;12.05.11;08.05.12;06.05.13;08.05.14;07.05.15;10.05.16;28.04.17;03.05.18;02.05.19;01.05.20;04.05.21;05.05.22;09.05.23;26.04.24
PALANTIR - EARNINGS PER SHARE-REPRT DT-Q1;US69608A1088;NA;NA;NA;NA;NA;NA;NA;NA;NA;14.09.20;14.09.20;11.05.21;09.05.22;08.05.23;06.05.24
FEDERAL REALTY INVST - EARNINGS PER SHARE-REPRT DT-Q1;US3137451015;04.05.10;05.05.11;07.05.12;01.05.13;08.05.14;07.05.15;04.05.16;03.05.17;02.05.18;02.05.19;06.05.20;05.05.21;05.05.22;04.05.23;02.05.24
JACOBS SOLUTIONS INC - EARNINGS PER SHARE-REPRT DT-Q1;US46982L1089;27.04.10;25.04.11;30.04.12;01.05.13;29.04.14;28.04.15;05.05.16;09.05.17;08.05.18;07.05.19;06.05.20;10.05.21;03.05.22;09.05.23;07.05.24
APA CORP (US) - EARNINGS PER SHARE-REPRT DT-Q1;US03743Q1085;29.04.10;28.04.11;03.05.12;09.05.13;08.05.14;07.05.15;06.05.16;04.05.17;03.05.18;02.05.19;07.05.20;05.05.21;05.05.22;04.05.23;02.05.24
LINDE - EARNINGS PER SHARE-REPRT DT-Q1;IE000S9YS762;28.04.10;27.04.11;25.04.12;24.04.13;23.04.14;29.04.15;29.04.16;27.04.17;26.04.18;10.05.19;07.05.20;06.05.21;28.04.22;27.04.23;02.05.24
ROBINHOOD MARKETS A - EARNINGS PER SHARE-REPRT DT-Q1;US7707001027;NA;NA;NA;NA;NA;NA;NA;NA;NA;19.07.21;19.07.21;19.07.21;28.04.22;10.05.23;08.05.24
GE VERNOVA - EARNINGS PER SHARE-REPRT DT-Q1;US36828A1016;NA;NA;NA;NA;NA;NA;NA;NA;NA;NA;NA;NA;NA;NA;30.04.24
SYNCHRONY FINANCIAL - EARNINGS PER SHARE-REPRT DT-Q1;US87165B1035;NA;NA;18.07.14;18.07.14;18.07.14;17.04.15;22.04.16;28.04.17;20.04.18;18.04.19;21.04.20;27.04.21;18.04.22;19.04.23;24.04.24
VERALTO - EARNINGS PER SHARE-REPRT DT-Q1;US92338C1036;NA;NA;NA;NA;NA;NA;NA;NA;NA;NA;NA;NA;26.05.23;26.05.23;23.04.24
BUNGE GLOBAL SA - EARNINGS PER SHARE-REPRT DT-Q1;CH1300646267;29.04.10;28.04.11;26.04.12;25.04.13;01.05.14;30.04.15;28.04.16;03.05.17;02.05.18;08.05.19;06.05.20;04.05.21;27.04.22;03.05.23;24.04.24
KENVUE INC - EARNINGS PER SHARE-REPRT DT-Q1;US49177J1025;NA;NA;NA;NA;NA;NA;NA;NA;NA;NA;NA;NA;02.06.23;02.06.23;07.05.24
TKO GROUP HOLDINGS - EARNINGS PER SHARE-REPRT DT-Q1;US87256C1018;07.05.10;05.05.11;03.05.12;02.05.13;01.05.14;30.04.15;10.05.16;04.05.17;03.05.18;25.04.19;23.04.20;22.04.21;05.05.22;03.05.23;08.05.24
COOPER COS. - EARNINGS PER SHARE-REPRT DT-Q1;US2166485019;04.03.10;04.03.11;08.03.12;07.03.13;06.03.14;05.03.15;03.03.16;02.03.17;08.03.18;05.03.19;05.03.20;04.03.21;04.03.22;02.03.23;29.02.24
CITIZENS FINANCIAL GROUP - EARNINGS PER SHARE-REPRT DT-Q1;US1746101054;NA;NA;NA;20.06.14;20.06.14;08.05.15;21.04.16;20.04.17;20.04.18;18.04.19;17.04.20;16.04.21;19.04.22;19.04.23;17.04.24
KEYSIGHT TECHNOLOGIES - EARNINGS PER SHARE-REPRT DT-Q1;US49338L1035;NA;NA;NA;05.03.14;05.03.14;19.02.15;18.02.16;16.02.17;01.03.18;21.02.19;24.02.20;18.02.21;17.02.22;21.02.23;20.02.24
SUPER MICRO COMPUTER - EARNINGS PER SHARE-REPRT DT-Q1;US86800U3023;27.04.10;26.04.11;24.04.12;23.04.13;22.04.14;21.04.15;28.04.16;27.04.17;19.12.19;19.12.19;07.05.20;04.05.21;03.05.22;02.05.23;30.04.24
TE CONNECTIVITY PLC - EARNINGS PER SHARE-REPRT DT-Q1;IE000IVNQZ81;30.04.10;21.04.11;25.04.12;24.04.13;23.04.14;23.04.15;20.04.16;26.04.17;25.04.18;24.04.19;28.04.20;21.04.21;27.04.22;26.04.23;24.04.24
SMURFIT WEST - EARNINGS PER SHARE-REPRT DT-Q1;IE00028FXN24;07.05.10;06.05.11;04.05.12;03.05.13;02.05.14;01.05.15;06.05.16;05.05.17;NA;NA;NA;NA;NA;NA;09.08.24
LABCORP HOLDINGS - EARNINGS PER SHARE-REPRT DT-Q1;US5049221055;28.04.10;21.04.11;19.04.12;19.04.13;28.04.14;27.04.15;25.04.16;24.04.17;25.04.18;30.04.19;29.04.20;29.04.21;28.04.22;25.04.23;25.04.24
BIO-TECHNE CORP - ECHNE CORP - EARNINGS PER SHARE-REPRT DT-Q1;US09073M1045;04.05.10;03.05.11;01.05.12;30.04.13;28.04.14;05.05.15;03.05.16;02.05.17;02.05.18;30.04.19;30.04.20;06.05.21;04.05.22;03.05.23;01.05.24
LAM RESEARCH CORP - EARNINGS PER SHARE-REPRT DT-Q1;US5128073062;21.04.10;20.04.11;18.04.12;25.04.13;23.04.14;20.04.15;20.04.16;18.04.17;17.04.18;24.04.19;22.04.20;21.04.21;20.04.22;19.04.23;24.04.24
PARAMOUNT - EARNINGS PER SHARE-REPRT DT-Q1;US69932A2042;05.05.10;03.05.11;01.05.12;01.05.13;08.05.14;07.05.15;04.05.16;04.05.17;03.05.18;02.05.19;07.05.20;06.05.21;03.05.22;04.05.23;29.04.24
ELEVANCE HEALTH - EARNINGS PER SHARE-REPRT DT-Q1;US0367521038;28.04.10;27.04.11;25.04.12;24.04.13;30.04.14;29.04.15;27.04.16;26.04.17;25.04.18;24.04.19;29.04.20;21.04.21;20.04.22;19.04.23;18.04.24
APTIV - EARNINGS PER SHARE-REPRT DT-Q1;JE00BTDN8H13;NA;26.01.12;24.04.12;01.05.13;24.04.14;30.04.15;04.05.16;03.05.17;02.05.18;02.05.19;05.05.20;06.05.21;05.05.22;04.05.23;02.05.24
CROWN CASTLE - EARNINGS PER SHARE-REPRT DT-Q1;US22822V1017;28.04.10;27.04.11;25.04.12;24.04.13;23.04.14;22.04.15;21.04.16;24.04.17;18.04.18;17.04.19;29.04.20;21.04.21;20.04.22;19.04.23;17.04.24
MEDTRONIC - EARNINGS PER SHARE-REPRT DT-Q1;IE00BTN1Y115;23.02.10;22.02.11;21.02.12;19.02.13;03.03.14;17.02.15;01.03.16;21.02.17;20.02.18;19.02.19;18.02.20;23.02.21;22.02.22;21.02.23;20.02.24
IRON MOUNTAIN - EARNINGS PER SHARE-REPRT DT-Q1;US46284V1017;29.04.10;28.04.11;26.04.12;01.05.13;01.05.14;30.04.15;28.04.16;27.04.17;26.04.18;25.04.19;07.05.20;06.05.21;28.04.22;04.05.23;02.05.24
EQUINIX REIT - EARNINGS PER SHARE-REPRT DT-Q1;US29444U7000;21.04.10;27.04.11;25.04.12;24.04.13;30.04.14;29.04.15;04.05.16;26.04.17;02.05.18;01.05.19;06.05.20;28.04.21;27.04.22;03.05.23;08.05.24
EVERSOURCE ENERGY - EARNINGS PER SHARE-REPRT DT-Q1;US30040W1080;05.05.10;05.05.11;02.05.12;01.05.13;01.05.14;29.04.15;04.05.16;03.05.17;02.05.18;01.05.19;06.05.20;10.05.21;04.05.22;03.05.23;01.05.24
QNITY ELECTRONICS IN - EARNINGS PER SHARE-REPRT DT-Q1;US74743L1008;NA;NA;NA;NA;NA;NA;NA;NA;NA;NA;NA;NA;NA;NA;05.08.25
GODADDY - EARNINGS PER SHARE-REPRT DT-Q1;US3802371076;NA;NA;NA;09.06.14;09.06.14;12.05.15;06.05.16;02.05.17;08.05.18;02.05.19;07.05.20;05.05.21;04.05.22;04.05.23;02.05.24
JOHNSON CONTROLS INTL. - EARNINGS PER SHARE-REPRT DT-Q1;IE00BY7QL619;27.04.10;29.04.11;26.04.12;26.04.13;25.04.14;24.04.15;29.04.16;27.04.17;01.05.18;01.05.19;01.05.20;30.04.21;04.05.22;05.05.23;01.05.24
BLOCK A - EARNINGS PER SHARE-REPRT DT-Q1;US8522341036;NA;NA;NA;NA;26.06.15;26.06.15;06.05.16;03.05.17;02.05.18;01.05.19;06.05.20;06.05.21;05.05.22;04.05.23;02.05.24
KRAFT HEINZ - EARNINGS PER SHARE-REPRT DT-Q1;US5007541064;NA;NA;NA;NA;02.06.15;02.06.15;05.05.16;03.05.17;02.05.18;08.08.19;30.04.20;29.04.21;27.04.22;03.05.23;01.05.24
FORTIVE CORP - EARNINGS PER SHARE-REPRT DT-Q1;US34959J1088;NA;NA;NA;NA;NA;05.05.16;05.05.16;27.04.17;26.04.18;25.04.19;30.04.20;29.04.21;28.04.22;26.04.23;24.04.24
S&P GLOBAL INC - EARNINGS PER SHARE-REPRT DT-Q1;US78409V1044;27.04.10;26.04.11;24.04.12;30.04.13;29.04.14;28.04.15;26.04.16;25.04.17;26.04.18;02.05.19;28.04.20;29.04.21;03.05.22;27.04.23;25.04.24
HILTON WORLDWIDE - EARNINGS PER SHARE-REPRT DT-Q1;US43300A2033;NA;NA;NA;09.05.14;09.05.14;29.04.15;27.04.16;02.05.17;26.04.18;01.05.19;07.05.20;05.05.21;03.05.22;26.04.23;24.04.24
ALPHABET INC - EARNINGS PER SHARE-REPRT DT-Q1;US02079K3059;15.04.10;14.04.11;12.04.12;18.04.13;16.04.14;23.04.15;21.04.16;27.04.17;23.04.18;29.04.19;29.04.20;27.04.21;26.04.22;25.04.23;25.04.24
WELLTOWER - EARNINGS PER SHARE-REPRT DT-Q1;US95040Q1040;03.05.10;03.05.11;08.05.12;07.05.13;08.05.14;08.05.15;03.05.16;05.05.17;26.04.18;30.04.19;06.05.20;28.04.21;10.05.22;02.05.23;29.04.24
HEWLETT PACKARD - EARNINGS PER SHARE-REPRT DT-Q1;US42824C1099;NA;NA;NA;NA;17.12.15;17.12.15;03.03.16;23.02.17;22.02.18;21.02.19;03.03.20;02.03.21;01.03.22;02.03.23;29.02.24
PAYPAL HOLDINGS INC - EARNINGS PER SHARE-REPRT DT-Q1;US70450Y1038;NA;NA;NA;NA;26.06.15;26.06.15;27.04.16;26.04.17;25.04.18;24.04.19;07.05.20;06.05.21;27.04.22;08.05.23;30.04.24
VICI PROPERTIES - EARNINGS PER SHARE-REPRT DT-Q1;US9256521090;NA;NA;NA;NA;NA;NA;NA;31.07.17;03.05.18;01.05.19;30.04.20;29.04.21;04.05.22;01.05.23;01.05.24
HP INC - EARNINGS PER SHARE-REPRT DT-Q1;US40434L1052;17.02.10;22.02.11;22.02.12;21.02.13;20.02.14;24.02.15;24.02.16;22.02.17;22.02.18;27.02.19;24.02.20;25.02.21;28.02.22;28.02.23;28.02.24
ALPHABET INC - EARNINGS PER SHARE-REPRT DT-Q1;US02079K1079;15.04.10;14.04.11;12.04.12;18.04.13;16.04.14;23.04.15;21.04.16;27.04.17;23.04.18;29.04.19;29.04.20;27.04.21;26.04.22;25.04.23;25.04.24
WEC ENERGY GROUP - EARNINGS PER SHARE-REPRT DT-Q1;US92939U1060;04.05.10;03.05.11;01.05.12;30.04.13;30.04.14;05.05.15;06.05.16;02.05.17;01.05.18;25.04.19;04.05.20;03.05.21;02.05.22;01.05.23;01.05.24
MONSTER BEVERAGE - EARNINGS PER SHARE-REPRT DT-Q1;US61174X1090;06.05.10;10.05.11;09.05.12;08.05.13;08.05.14;07.05.15;02.05.16;04.05.17;08.05.18;02.05.19;07.05.20;06.05.21;05.05.22;04.05.23;02.05.24
SBA COMMS. - EARNINGS PER SHARE-REPRT DT-Q1;US78410G1040;04.05.10;28.04.11;30.04.12;29.04.13;01.05.14;08.05.15;02.05.16;01.05.17;30.04.18;29.04.19;05.05.20;26.04.21;25.04.22;01.05.23;29.04.24
CHARTER COMMS.CL.A - EARNINGS PER SHARE-REPRT DT-Q1;US16119P1084;06.05.10;03.05.11;08.05.12;07.05.13;28.04.14;01.05.15;28.04.16;02.05.17;27.04.18;30.04.19;01.05.20;30.04.21;29.04.22;28.04.23;26.04.24
VISTRA - EARNINGS PER SHARE-REPRT DT-Q1;US92840M1027;NA;NA;NA;NA;NA;NA;18.05.17;18.05.17;04.05.18;03.05.19;05.05.20;04.05.21;06.05.22;09.05.23;08.05.24