#NOM?;ISIN CODE;Q2 2010;Q2 2011;Q2 2012;Q2 2013;Q2 2014;Q2 2015;Q2 2016;Q2 2017;Q2 2018;Q2 2019;Q2 2020;Q2 2021;Q2 2022;Q2 2023;Q2 2024
AMAZON.COM - EARNINGS PER SHARE-REPRT DT-Q2;US0231351067;22.07.10;26.07.11;26.07.12;25.07.13;24.07.14;23.07.15;28.07.16;27.07.17;27.07.18;25.07.19;30.07.20;29.07.21;28.07.22;03.08.23;01.08.24
ABBOTT LABORATORIES - EARNINGS PER SHARE-REPRT DT-Q2;US0028241000;21.07.10;20.07.11;18.07.12;17.07.13;16.07.14;22.07.15;20.07.16;20.07.17;18.07.18;17.07.19;16.07.20;22.07.21;20.07.22;20.07.23;18.07.24
AES - EARNINGS PER SHARE-REPRT DT-Q2;US00130H1059;06.08.10;04.08.11;06.08.12;08.08.13;07.08.14;10.08.15;05.08.16;08.08.17;07.08.18;06.08.19;06.08.20;04.08.21;04.08.22;03.08.23;01.08.24
INT'L BUSINESS MACHS - EARNINGS PER SHARE-REPRT DT-Q2;US4592001014;19.07.10;18.07.11;18.07.12;17.07.13;17.07.14;20.07.15;18.07.16;18.07.17;18.07.18;17.07.19;20.07.20;19.07.21;18.07.22;19.07.23;24.07.24
ADVANCED MICRO - EARNINGS PER SHARE-REPRT DT-Q2;US0079031078;15.07.10;21.07.11;19.07.12;18.07.13;17.07.14;16.07.15;21.07.16;25.07.17;25.07.18;30.07.19;28.07.20;27.07.21;02.08.22;01.08.23;30.07.24
ADOBE (NAS) - EARNINGS PER SHARE-REPRT DT-Q2;US00724F1012;02.07.10;21.06.11;19.06.12;18.06.13;17.06.14;16.06.15;21.06.16;20.06.17;14.06.18;18.06.19;11.06.20;17.06.21;16.06.22;15.06.23;13.06.24
ALEXANDRIA REAL ESTATE EQUITIES REIT - EARNINGS PER SHARE-REPRT DT-Q2;US0152711091;29.07.10;27.07.11;30.07.12;26.07.13;28.07.14;27.07.15;01.08.16;31.07.17;31.07.18;30.07.19;27.07.20;26.07.21;25.07.22;24.07.23;22.07.24
AIR PRDS.& CHEMS. - EARNINGS PER SHARE-REPRT DT-Q2;US0091581068;22.07.10;22.07.11;14.07.12;23.07.13;23.07.14;30.07.15;28.07.16;01.08.17;26.07.18;25.07.19;23.07.20;09.08.21;04.08.22;03.08.23;01.08.24
BXP INC - EARNINGS PER SHARE-REPRT DT-Q2;US1011211018;27.07.10;01.08.11;06.08.12;30.07.13;29.07.14;29.07.15;26.07.16;01.08.17;31.07.18;30.07.19;28.07.20;27.07.21;26.07.22;01.08.23;30.07.24
ALLSTATE CORP - EARNINGS PER SHARE-REPRT DT-Q2;US0200021014;05.08.10;01.08.11;31.07.12;31.07.13;30.07.14;03.08.15;03.08.16;01.08.17;01.08.18;30.07.19;04.08.20;04.08.21;03.08.22;01.08.23;31.07.24
HONEYWELL INTERNATNL - EARNINGS PER SHARE-REPRT DT-Q2;US4385161066;23.07.10;22.07.11;18.07.12;19.07.13;18.07.14;17.07.15;22.07.16;20.07.17;20.07.18;18.07.19;24.07.20;23.07.21;28.07.22;27.07.23;25.07.24
AMGEN INC - EARNINGS PER SHARE-REPRT DT-Q2;US0311621009;29.07.10;29.07.11;26.07.12;30.07.13;29.07.14;30.07.15;27.07.16;25.07.17;26.07.18;30.07.19;28.07.20;03.08.21;04.08.22;03.08.23;06.08.24
AMERICAN EXPRESS CO - EARNINGS PER SHARE-REPRT DT-Q2;US0258161092;22.07.10;20.07.11;18.07.12;17.07.13;29.07.14;22.07.15;20.07.16;19.07.17;18.07.18;19.07.19;24.07.20;23.07.21;22.07.22;21.07.23;19.07.24
AMERICAN ELECTRIC - EARNINGS PER SHARE-REPRT DT-Q2;US0255371017;30.07.10;29.07.11;20.07.12;26.07.13;25.07.14;23.07.15;28.07.16;27.07.17;25.07.18;25.07.19;06.08.20;22.07.21;27.07.22;27.07.23;30.07.24
AFLAC INC - EARNINGS PER SHARE-REPRT DT-Q2;US0010551028;27.07.10;27.07.11;24.07.12;30.07.13;29.07.14;28.07.15;28.07.16;27.07.17;26.07.18;25.07.19;28.07.20;28.07.21;01.08.22;01.08.23;31.07.24
AMERICAN INT'L GROUP - EARNINGS PER SHARE-REPRT DT-Q2;US0268747849;06.08.10;04.08.11;02.08.12;01.08.13;04.08.14;03.08.15;02.08.16;02.08.17;02.08.18;07.08.19;03.08.20;05.08.21;08.08.22;01.08.23;01.08.24
ANALOG DEVICES, INC. - EARNINGS PER SHARE-REPRT DT-Q2;US0326541051;18.05.10;17.05.11;22.05.12;21.05.13;20.05.14;19.05.15;18.05.16;31.05.17;30.05.18;22.05.19;20.05.20;19.05.21;18.05.22;24.05.23;22.05.24
VALERO ENERGY CORP - EARNINGS PER SHARE-REPRT DT-Q2;US91913Y1001;27.07.10;26.07.11;31.07.12;23.07.13;30.07.14;30.07.15;26.07.16;27.07.17;26.07.18;25.07.19;30.07.20;29.07.21;28.07.22;27.07.23;25.07.24
COMCAST A - EARNINGS PER SHARE-REPRT DT-Q2;US20030N1019;28.07.10;03.08.11;01.08.12;31.07.13;22.07.14;23.07.15;27.07.16;27.07.17;26.07.18;25.07.19;30.07.20;29.07.21;28.07.22;27.07.23;23.07.24
APPLE - EARNINGS PER SHARE-REPRT DT-Q2;US0378331005;20.07.10;19.07.11;24.07.12;23.07.13;22.07.14;21.07.15;26.07.16;01.08.17;31.07.18;30.07.19;30.07.20;27.07.21;28.07.22;03.08.23;01.08.24
APPLIED MATS. - EARNINGS PER SHARE-REPRT DT-Q2;US0382221051;19.05.10;24.05.11;17.05.12;16.05.13;15.05.14;14.05.15;20.05.16;18.05.17;17.05.18;16.05.19;14.05.20;20.05.21;19.05.22;18.05.23;16.05.24
ALBEMARLE - EARNINGS PER SHARE-REPRT DT-Q2;US0126531013;26.07.10;21.07.11;17.07.12;17.07.13;30.07.14;06.08.15;03.08.16;07.08.17;07.08.18;07.08.19;05.08.20;04.08.21;03.08.22;02.08.23;31.07.24
ARCHER DANIELS MIDLAND - EARNINGS PER SHARE-REPRT DT-Q2;US0394831020;03.08.10;02.08.11;31.07.12;06.08.13;05.08.14;04.08.15;02.08.16;01.08.17;31.07.18;01.08.19;29.07.20;27.07.21;26.07.22;25.07.23;30.07.24
PINNACLE WEST CAPTL - EARNINGS PER SHARE-REPRT DT-Q2;US7234841010;03.08.10;02.08.11;02.08.12;02.08.13;31.07.14;30.07.15;02.08.16;03.08.17;03.08.18;08.08.19;06.08.20;05.08.21;03.08.22;03.08.23;01.08.24
AMEREN CORPORATION - EARNINGS PER SHARE-REPRT DT-Q2;US0236081024;09.08.10;04.08.11;02.08.12;01.08.13;05.08.14;31.07.15;05.08.16;04.08.17;03.08.18;02.08.19;06.08.20;05.08.21;04.08.22;02.08.23;01.08.24
AUTODESK - EARNINGS PER SHARE-REPRT DT-Q2;US0527691069;12.08.10;18.08.11;23.08.12;22.08.13;14.08.14;27.08.15;25.08.16;24.08.17;23.08.18;27.08.19;25.08.20;25.08.21;24.08.22;23.08.23;29.08.24
AUTOMATIC DATA PROC. - EARNINGS PER SHARE-REPRT DT-Q2;US0530151036;29.07.10;28.07.11;01.08.12;01.08.13;31.07.14;30.07.15;28.07.16;27.07.17;01.08.18;31.07.19;29.07.20;28.07.21;27.07.22;26.07.23;31.07.24
AUTOZONE - EARNINGS PER SHARE-REPRT DT-Q2;US0533321024;16.06.10;24.05.11;22.05.12;21.05.13;27.05.14;26.05.15;15.06.16;23.05.17;22.05.18;21.05.19;26.05.20;25.05.21;24.05.22;23.05.23;21.05.24
AVERY DENNISON CORP - EARNINGS PER SHARE-REPRT DT-Q2;US0536111091;28.07.10;26.07.11;24.07.12;23.07.13;25.07.14;29.07.15;26.07.16;25.07.17;24.07.18;23.07.19;27.07.20;28.07.21;27.07.22;25.07.23;23.07.24
BALL CORPORATION - EARNINGS PER SHARE-REPRT DT-Q2;US0584981064;29.07.10;28.07.11;26.07.12;25.07.13;31.07.14;30.07.15;04.08.16;02.08.17;02.08.18;01.08.19;06.08.20;05.08.21;04.08.22;03.08.23;01.08.24
BERKSHIRE HATHAWAY - EARNINGS PER SHARE-REPRT DT-Q2;US0846707026;06.08.10;05.08.11;03.08.12;02.08.13;01.08.14;07.08.15;05.08.16;04.08.17;06.08.18;05.08.19;10.08.20;09.08.21;08.08.22;07.08.23;05.08.24
BAXTER INTERNATIONAL - EARNINGS PER SHARE-REPRT DT-Q2;US0718131099;22.07.10;21.07.11;19.07.12;18.07.13;17.07.14;29.07.15;26.07.16;26.07.17;26.07.18;25.07.19;30.07.20;29.07.21;28.07.22;27.07.23;06.08.24
BECTON, DICKINSON - EARNINGS PER SHARE-REPRT DT-Q2;US0758871091;29.07.10;02.08.11;02.08.12;01.08.13;31.07.14;06.08.15;04.08.16;03.08.17;02.08.18;06.08.19;06.08.20;05.08.21;04.08.22;03.08.23;01.08.24
AMETEK INC - EARNINGS PER SHARE-REPRT DT-Q2;US0311001004;27.07.10;26.07.11;24.07.12;07.08.13;05.08.14;05.08.15;04.08.16;02.08.17;31.07.18;30.07.19;04.08.20;03.08.21;02.08.22;01.08.23;01.08.24
VERIZON COMMUNICATNS - EARNINGS PER SHARE-REPRT DT-Q2;US92343V1044;23.07.10;22.07.11;19.07.12;18.07.13;22.07.14;21.07.15;26.07.16;27.07.17;24.07.18;01.08.19;24.07.20;21.07.21;22.07.22;25.07.23;22.07.24
W R BERKLEY CORP - EARNINGS PER SHARE-REPRT DT-Q2;US0844231029;26.07.10;25.07.11;24.07.12;22.07.13;28.07.14;27.07.15;25.07.16;25.07.17;24.07.18;23.07.19;21.07.20;22.07.21;21.07.22;20.07.23;22.07.24
BEST BUY CO INC - EARNINGS PER SHARE-REPRT DT-Q2;US0865161014;08.07.10;NA;21.08.12;20.08.13;26.08.14;25.08.15;23.08.16;29.08.17;28.08.18;06.09.19;25.08.20;24.08.21;30.08.22;29.08.23;29.08.24
YUM! BRANDS INC - EARNINGS PER SHARE-REPRT DT-Q2;US9884981013;13.07.10;13.07.11;18.07.12;10.07.13;16.07.14;14.07.15;13.07.16;03.08.17;02.08.18;01.08.19;30.07.20;29.07.21;03.08.22;02.08.23;08.08.24
FIRSTENERGY - EARNINGS PER SHARE-REPRT DT-Q2;US3379321074;02.08.10;02.08.11;07.08.12;06.08.13;05.08.14;30.07.15;28.07.16;27.07.17;31.07.18;23.07.19;23.07.20;22.07.21;26.07.22;01.08.23;30.07.24
BOEING - EARNINGS PER SHARE-REPRT DT-Q2;US0970231058;28.07.10;27.07.11;25.07.12;24.07.13;23.07.14;22.07.15;27.07.16;26.07.17;25.07.18;24.07.19;29.07.20;28.07.21;27.07.22;26.07.23;31.07.24
BOSTON SCIENTIFIC - EARNINGS PER SHARE-REPRT DT-Q2;US1011371077;20.07.10;26.07.11;26.07.12;25.07.13;24.07.14;23.07.15;28.07.16;27.07.17;25.07.18;24.07.19;29.07.20;27.07.21;27.07.22;27.07.23;24.07.24
CH ROBINSON WWD. - EARNINGS PER SHARE-REPRT DT-Q2;US12541W2098;27.07.10;26.07.11;24.07.12;06.08.13;29.07.14;28.07.15;26.07.16;19.07.17;31.07.18;30.07.19;28.07.20;27.07.21;27.07.22;02.08.23;31.07.24
TAKE TWO INTACT.SFTW. - EARNINGS PER SHARE-REPRT DT-Q2;US8740541094;24.05.11;08.08.11;01.08.12;30.07.13;05.08.14;10.08.15;04.08.16;02.08.17;02.08.18;05.08.19;03.08.20;02.08.21;08.08.22;08.08.23;08.08.24
METTLE - OLEDO INT'L - EARNINGS PER SHARE-REPRT DT-Q2;US5926881054;22.07.10;28.07.11;26.07.12;25.07.13;24.07.14;30.07.15;28.07.16;27.07.17;27.07.18;02.08.19;30.07.20;29.07.21;28.07.22;27.07.23;01.08.24
BRISTO - YERS SQUIBB - EARNINGS PER SHARE-REPRT DT-Q2;US1101221083;22.07.10;28.07.11;25.07.12;25.07.13;24.07.14;23.07.15;28.07.16;27.07.17;26.07.18;25.07.19;06.08.20;28.07.21;27.07.22;27.07.23;26.07.24
ONEOK - EARNINGS PER SHARE-REPRT DT-Q2;US6826801036;03.08.10;02.08.11;31.07.12;30.07.13;05.08.14;04.08.15;02.08.16;01.08.17;01.08.18;30.07.19;28.07.20;03.08.21;08.08.22;07.08.23;05.08.24
AVALONBAY COMMNS. - EARNINGS PER SHARE-REPRT DT-Q2;US0534841012;03.08.10;27.07.11;25.07.12;25.07.13;23.07.14;06.08.15;26.07.16;03.08.17;31.07.18;01.08.19;05.08.20;29.07.21;27.07.22;01.08.23;01.08.24
UNITED RENTALS - EARNINGS PER SHARE-REPRT DT-Q2;US9113631090;20.07.10;19.07.11;17.07.12;16.07.13;16.07.14;22.07.15;20.07.16;19.07.17;18.07.18;17.07.19;29.07.20;28.07.21;27.07.22;26.07.23;24.07.24
SEMPRA - EARNINGS PER SHARE-REPRT DT-Q2;US8168511090;03.08.10;09.08.11;02.08.12;06.08.13;07.08.14;04.08.15;04.08.16;04.08.17;06.08.18;02.08.19;05.08.20;05.08.21;04.08.22;03.08.23;06.08.24
FEDEX CORP - EARNINGS PER SHARE-REPRT DT-Q2;US31428X1063;16.06.10;22.06.11;19.06.12;19.06.13;18.06.14;17.06.15;21.06.16;20.06.17;19.06.18;25.06.19;30.06.20;24.06.21;23.06.22;20.06.23;25.06.24
VERISIGN, INC - EARNINGS PER SHARE-REPRT DT-Q2;US92343E1029;02.08.10;28.07.11;26.07.12;25.07.13;24.07.14;23.07.15;28.07.16;27.07.17;26.07.18;25.07.19;23.07.20;22.07.21;28.07.22;27.07.23;25.07.24
AMPHENOL CORP - EARNINGS PER SHARE-REPRT DT-Q2;US0320951017;21.07.10;20.07.11;18.07.12;18.07.13;23.07.14;22.07.15;20.07.16;26.07.17;25.07.18;24.07.19;22.07.20;28.07.21;27.07.22;26.07.23;24.07.24
BROWN-FORMAN CORP - ORMAN CORP - EARNINGS PER SHARE-REPRT DT-Q2;US1156372096;09.06.10;09.06.11;06.06.12;05.06.13;04.06.14;03.06.15;08.06.16;07.06.17;06.06.18;05.06.19;09.06.20;09.06.21;08.06.22;07.06.23;05.06.24
QUANTA SERVICES, INC - EARNINGS PER SHARE-REPRT DT-Q2;US74762E1029;04.08.10;03.08.11;02.08.12;01.08.13;31.07.14;05.08.15;04.08.16;03.08.17;02.08.18;01.08.19;06.08.20;05.08.21;04.08.22;03.08.23;01.08.24
CSX CORP - EARNINGS PER SHARE-REPRT DT-Q2;US1264081035;12.07.10;19.07.11;17.07.12;16.07.13;15.07.14;14.07.15;13.07.16;18.07.17;17.07.18;17.07.19;22.07.20;21.07.21;20.07.22;20.07.23;05.08.24
COTERRA ENERGY INC - EARNINGS PER SHARE-REPRT DT-Q2;US1270971039;22.07.10;27.07.11;24.07.12;24.07.13;24.07.14;24.07.15;29.07.16;28.07.17;27.07.18;26.07.19;30.07.20;30.07.21;02.08.22;07.08.23;01.08.24
CAMPBELL'S CO - EARNINGS PER SHARE-REPRT DT-Q2;US1344291091;24.05.10;23.05.11;21.05.12;20.05.13;19.05.14;22.05.15;20.05.16;19.05.17;18.05.18;05.06.19;03.06.20;09.06.21;08.06.22;07.06.23;05.06.24
CAMDEN PROPERTY - EARNINGS PER SHARE-REPRT DT-Q2;US1331311027;29.07.10;28.07.11;02.08.12;25.07.13;31.07.14;30.07.15;28.07.16;27.07.17;02.08.18;25.07.19;30.07.20;29.07.21;28.07.22;03.08.23;01.08.24
CONSTELLATION BRANDS 'A' - EARNINGS PER SHARE-REPRT DT-Q2;US21036P1084;01.07.10;30.06.11;29.06.12;02.07.13;02.07.14;01.07.15;30.06.16;29.06.17;29.06.18;28.06.19;01.07.20;30.06.21;30.06.22;30.06.23;03.07.24
CARDINAL HEALTH - EARNINGS PER SHARE-REPRT DT-Q2;US14149Y1082;05.08.10;04.08.11;02.08.12;01.08.13;04.08.14;30.07.15;02.08.16;01.08.17;06.08.18;08.08.19;13.08.20;05.08.21;11.08.22;15.08.23;14.08.24
CATERPILLAR - EARNINGS PER SHARE-REPRT DT-Q2;US1491231015;22.07.10;22.07.11;25.07.12;24.07.13;25.07.14;23.07.15;26.07.16;25.07.17;30.07.18;24.07.19;31.07.20;30.07.21;02.08.22;01.08.23;06.08.24
JP MORGAN CHASE & CO. - EARNINGS PER SHARE-REPRT DT-Q2;US46625H1005;15.07.10;14.07.11;13.07.12;12.07.13;15.07.14;14.07.15;14.07.16;13.07.17;13.07.18;16.07.19;14.07.20;13.07.21;14.07.22;14.07.23;12.07.24
CHURCH & DWIGHT CO. - EARNINGS PER SHARE-REPRT DT-Q2;US1713401024;05.08.10;04.08.11;07.08.12;02.08.13;01.08.14;04.08.15;04.08.16;03.08.17;02.08.18;31.07.19;31.07.20;30.07.21;29.07.22;28.07.23;02.08.24
CINCINNATI FINL CORP - EARNINGS PER SHARE-REPRT DT-Q2;US1720621010;28.07.10;27.07.11;26.07.12;25.07.13;29.07.14;28.07.15;26.07.16;02.08.17;26.07.18;30.07.19;27.07.20;28.07.21;27.07.22;27.07.23;25.07.24
CINTAS CORP - EARNINGS PER SHARE-REPRT DT-Q2;US1729081059;20.07.10;19.07.11;16.07.12;15.07.13;15.07.14;16.07.15;19.07.16;20.07.17;19.07.18;16.07.19;23.07.20;15.07.21;14.07.22;13.07.23;18.07.24
CISCO SYSTEMS - EARNINGS PER SHARE-REPRT DT-Q2;US17275R1023;12.05.10;11.05.11;09.05.12;15.05.13;14.05.14;13.05.15;18.05.16;17.05.17;16.05.18;15.05.19;13.05.20;19.05.21;18.05.22;17.05.23;15.05.24
CLOROX - EARNINGS PER SHARE-REPRT DT-Q2;US1890541097;03.08.10;03.08.11;02.08.12;01.08.13;01.08.14;03.08.15;03.08.16;03.08.17;02.08.18;01.08.19;03.08.20;03.08.21;03.08.22;02.08.23;01.08.24
COCA COLA - OLA - EARNINGS PER SHARE-REPRT DT-Q2;US1912161007;21.07.10;19.07.11;17.07.12;16.07.13;22.07.14;22.07.15;27.07.16;26.07.17;26.07.18;23.07.19;21.07.20;21.07.21;26.07.22;26.07.23;23.07.24
COPART INC - EARNINGS PER SHARE-REPRT DT-Q2;US2172041061;02.06.10;01.06.11;29.05.12;30.05.13;29.05.14;27.05.15;25.05.16;24.05.17;23.05.18;22.05.19;20.05.20;19.05.21;18.05.22;17.05.23;16.05.24
COLGATE-PALMOLIVE CO - ALMOLIVE CO - EARNINGS PER SHARE-REPRT DT-Q2;US1941621039;29.07.10;28.07.11;26.07.12;25.07.13;31.07.14;30.07.15;28.07.16;21.07.17;27.07.18;26.07.19;31.07.20;30.07.21;29.07.22;28.07.23;26.07.24
MARRIOTT INT'L - EARNINGS PER SHARE-REPRT DT-Q2;US5719032022;14.07.10;13.07.11;11.07.12;31.07.13;29.07.14;29.07.15;27.07.16;07.08.17;06.08.18;05.08.19;10.08.20;03.08.21;02.08.22;01.08.23;31.07.24
MOLINA HEALTHCARE - EARNINGS PER SHARE-REPRT DT-Q2;US60855R1005;04.08.10;21.07.11;26.07.12;25.07.13;30.07.14;30.07.15;27.07.16;02.08.17;31.07.18;30.07.19;30.07.20;28.07.21;27.07.22;26.07.23;24.07.24
NRG ENERGY INC. - EARNINGS PER SHARE-REPRT DT-Q2;US6293775085;02.08.10;04.08.11;08.08.12;09.08.13;07.08.14;04.08.15;09.08.16;03.08.17;02.08.18;07.08.19;06.08.20;05.08.21;04.08.22;08.08.23;08.08.24
CONAGRA BRANDS INC - EARNINGS PER SHARE-REPRT DT-Q2;US2058871029;24.06.10;23.06.11;21.06.12;27.06.13;26.06.14;30.06.15;30.06.16;29.06.17;27.06.18;27.06.19;30.06.20;13.07.21;14.07.22;13.07.23;11.07.24
CONSOLIDATED EDISON - EARNINGS PER SHARE-REPRT DT-Q2;US2091151041;05.08.10;04.08.11;02.08.12;01.08.13;07.08.14;06.08.15;04.08.16;03.08.17;02.08.18;01.08.19;06.08.20;05.08.21;04.08.22;03.08.23;01.08.24
CMS ENERGY CORP - EARNINGS PER SHARE-REPRT DT-Q2;US1258961002;28.07.10;28.07.11;26.07.12;25.07.13;24.07.14;23.07.15;28.07.16;28.07.17;26.07.18;25.07.19;03.08.20;29.07.21;28.07.22;27.07.23;25.07.24
CORNING INCORPORATED - EARNINGS PER SHARE-REPRT DT-Q2;US2193501051;28.07.10;27.07.11;25.07.12;30.07.13;29.07.14;28.07.15;27.07.16;26.07.17;25.07.18;30.07.19;28.07.20;27.07.21;26.07.22;25.07.23;30.07.24
CUMMINS INC - EARNINGS PER SHARE-REPRT DT-Q2;US2310211063;27.07.10;26.07.11;31.07.12;30.07.13;28.07.14;28.07.15;02.08.16;01.08.17;31.07.18;30.07.19;28.07.20;03.08.21;02.08.22;03.08.23;01.08.24
D R HORTON - EARNINGS PER SHARE-REPRT DT-Q2;US23331A1097;03.08.10;28.07.11;27.07.12;25.07.13;24.07.14;28.07.15;21.07.16;26.07.17;27.07.18;30.07.19;28.07.20;22.07.21;21.07.22;20.07.23;18.07.24
DANAHER - EARNINGS PER SHARE-REPRT DT-Q2;US2358511028;21.07.10;21.07.11;19.07.12;18.07.13;17.07.14;23.07.15;25.07.16;20.07.17;19.07.18;18.07.19;23.07.20;22.07.21;21.07.22;25.07.23;23.07.24
MOODY'S - EARNINGS PER SHARE-REPRT DT-Q2;US6153691059;29.07.10;27.07.11;26.07.12;24.07.13;25.07.14;24.07.15;22.07.16;21.07.17;27.07.18;31.07.19;30.07.20;28.07.21;26.07.22;25.07.23;23.07.24
COGNIZANT TECH.SLTN.'A' - EARNINGS PER SHARE-REPRT DT-Q2;US1924461023;04.08.10;02.08.11;06.08.12;06.08.13;06.08.14;05.08.15;05.08.16;03.08.17;02.08.18;31.07.19;29.07.20;28.07.21;27.07.22;02.08.23;31.07.24
TARGET - EARNINGS PER SHARE-REPRT DT-Q2;US87612E1064;18.08.10;17.08.11;15.08.12;21.08.13;20.08.14;19.08.15;17.08.16;15.08.17;22.08.18;21.08.19;19.08.20;18.08.21;17.08.22;16.08.23;21.08.24
DEERE & CO - EARNINGS PER SHARE-REPRT DT-Q2;US2441991054;19.05.10;18.05.11;16.05.12;15.05.13;14.05.14;22.05.15;20.05.16;19.05.17;18.05.18;17.05.19;22.05.20;21.05.21;20.05.22;19.05.23;16.05.24
MORGAN STANLEY - EARNINGS PER SHARE-REPRT DT-Q2;US6174464486;21.07.10;21.07.11;19.07.12;18.07.13;17.07.14;20.07.15;20.07.16;19.07.17;18.07.18;18.07.19;16.07.20;15.07.21;14.07.22;18.07.23;16.07.24
REPUBLIC SVS.'A' - EARNINGS PER SHARE-REPRT DT-Q2;US7607591002;29.07.10;28.07.11;26.07.12;25.07.13;24.07.14;23.07.15;28.07.16;27.07.17;26.07.18;25.07.19;06.08.20;29.07.21;04.08.22;31.07.23;24.07.24
COSTAR GP. - EARNINGS PER SHARE-REPRT DT-Q2;US22160N1090;21.07.10;27.07.11;26.07.12;24.07.13;24.07.14;29.07.15;27.07.16;26.07.17;24.07.18;23.07.19;28.07.20;27.07.21;26.07.22;25.07.23;23.07.24
DECKERS OUTDOOR - EARNINGS PER SHARE-REPRT DT-Q2;US2435371073;22.07.10;28.07.11;26.07.12;25.07.13;24.07.14;30.07.15;28.07.16;27.07.17;26.07.18;25.07.19;30.07.20;29.07.21;28.07.22;27.07.23;25.07.24
WALT DISNEY - EARNINGS PER SHARE-REPRT DT-Q2;US2546871060;10.08.10;09.08.11;07.08.12;06.08.13;05.08.14;04.08.15;09.08.16;08.08.17;07.08.18;06.08.19;04.08.20;12.08.21;10.08.22;09.08.23;07.08.24
DOLLAR TREE, INC - EARNINGS PER SHARE-REPRT DT-Q2;US2567461080;19.08.10;18.08.11;16.08.12;22.08.13;21.08.14;01.09.15;25.08.16;24.08.17;30.08.18;29.08.19;27.08.20;26.08.21;25.08.22;24.08.23;04.09.24
DOVER CORP - EARNINGS PER SHARE-REPRT DT-Q2;US2600031080;23.07.10;22.07.11;18.07.12;18.07.13;17.07.14;21.07.15;21.07.16;20.07.17;19.07.18;18.07.19;22.07.20;20.07.21;21.07.22;25.07.23;25.07.24
OMNICOM GROUP INC - EARNINGS PER SHARE-REPRT DT-Q2;US6819191064;20.07.10;19.07.11;17.07.12;18.07.13;22.07.14;21.07.15;14.07.16;20.07.17;17.07.18;17.07.19;28.07.20;20.07.21;19.07.22;18.07.23;16.07.24
DTE ENERGY CO - EARNINGS PER SHARE-REPRT DT-Q2;US2333311072;29.07.10;28.07.11;27.07.12;26.07.13;25.07.14;24.07.15;26.07.16;26.07.17;25.07.18;24.07.19;28.07.20;27.07.21;28.07.22;27.07.23;25.07.24
DARDEN RESTAURANTS - EARNINGS PER SHARE-REPRT DT-Q2;US2371941053;23.06.10;30.06.11;22.06.12;21.06.13;20.06.14;23.06.15;30.06.16;27.06.17;21.06.18;20.06.19;25.06.20;24.06.21;23.06.22;22.06.23;20.06.24
EBAY INC. - EARNINGS PER SHARE-REPRT DT-Q2;US2786421030;21.07.10;20.07.11;18.07.12;17.07.13;16.07.14;16.07.15;20.07.16;20.07.17;18.07.18;17.07.19;28.07.20;11.08.21;03.08.22;26.07.23;01.08.24
BANK OF AMERICA CORP - EARNINGS PER SHARE-REPRT DT-Q2;US0605051046;16.07.10;19.07.11;18.07.12;17.07.13;16.07.14;15.07.15;18.07.16;18.07.17;16.07.18;17.07.19;16.07.20;14.07.21;18.07.22;18.07.23;16.07.24
CITIGROUP INC - EARNINGS PER SHARE-REPRT DT-Q2;US1729674242;16.07.10;15.07.11;16.07.12;02.08.13;14.07.14;16.07.15;15.07.16;14.07.17;13.07.18;15.07.19;14.07.20;14.07.21;15.07.22;14.07.23;12.07.24
CADENCE DESIGN SYST - EARNINGS PER SHARE-REPRT DT-Q2;US1273871087;28.07.10;28.07.11;25.07.12;24.07.13;21.07.14;27.07.15;25.07.16;24.07.17;23.07.18;22.07.19;20.07.20;26.07.21;25.07.22;24.07.23;22.07.24
ECOLAB - EARNINGS PER SHARE-REPRT DT-Q2;US2788651006;27.07.10;27.07.11;31.07.12;30.07.13;29.07.14;28.07.15;02.08.16;01.08.17;31.07.18;30.07.19;28.07.20;27.07.21;26.07.22;01.08.23;30.07.24
REVVITY - EARNINGS PER SHARE-REPRT DT-Q2;US7140461093;05.08.10;04.08.11;02.08.12;01.08.13;31.07.14;30.07.15;04.08.16;03.08.17;01.08.18;29.07.19;28.07.20;26.07.21;01.08.22;01.08.23;29.07.24
ELECTRONIC ARTS - EARNINGS PER SHARE-REPRT DT-Q2;US2855121099;03.08.10;26.07.11;31.07.12;23.07.13;22.07.14;30.07.15;02.08.16;27.07.17;26.07.18;30.07.19;30.07.20;04.08.21;02.08.22;01.08.23;02.08.24
SALESFORCE - EARNINGS PER SHARE-REPRT DT-Q2;US79466L3024;19.08.10;18.08.11;23.08.12;29.08.13;21.08.14;20.08.15;31.08.16;22.08.17;29.08.18;22.08.19;25.08.20;25.08.21;24.08.22;30.08.23;28.08.24
ERIE INDEMNITY 'A' - EARNINGS PER SHARE-REPRT DT-Q2;US29530P1021;29.07.10;02.08.11;02.08.12;01.08.13;31.07.14;30.07.15;28.07.16;27.07.17;26.07.18;25.07.19;30.07.20;29.07.21;28.07.22;27.07.23;25.07.24
EMERSON ELECTRIC CO. - EARNINGS PER SHARE-REPRT DT-Q2;US2910111044;03.08.10;02.08.11;07.08.12;06.08.13;05.08.14;04.08.15;02.08.16;01.08.17;07.08.18;06.08.19;04.08.20;04.08.21;09.08.22;02.08.23;07.08.24
ATMOS ENERGY CORP - EARNINGS PER SHARE-REPRT DT-Q2;US0495601058;05.08.10;03.08.11;08.08.12;07.08.13;06.08.14;05.08.15;03.08.16;02.08.17;08.08.18;07.08.19;05.08.20;04.08.21;03.08.22;02.08.23;07.08.24
ESSEX PROPERTY TST. - EARNINGS PER SHARE-REPRT DT-Q2;US2971781057;04.08.10;03.08.11;02.08.12;05.08.13;11.08.14;31.07.15;28.07.16;27.07.17;01.08.18;24.07.19;03.08.20;29.07.21;26.07.22;27.07.23;30.07.24
ENTERGY - EARNINGS PER SHARE-REPRT DT-Q2;US29364G1031;03.08.10;02.08.11;31.07.12;30.07.13;29.07.14;04.08.15;02.08.16;02.08.17;01.08.18;31.07.19;05.08.20;04.08.21;03.08.22;03.08.23;01.08.24
EOG RES. - EARNINGS PER SHARE-REPRT DT-Q2;US26875P1012;05.08.10;04.08.11;02.08.12;06.08.13;05.08.14;06.08.15;04.08.16;01.08.17;02.08.18;01.08.19;06.08.20;04.08.21;04.08.22;03.08.23;01.08.24
EQUIFAX INC. - EARNINGS PER SHARE-REPRT DT-Q2;US2944291051;28.07.10;27.07.11;25.07.12;24.07.13;23.07.14;22.07.15;27.07.16;26.07.17;26.07.18;24.07.19;22.07.20;21.07.21;20.07.22;19.07.23;17.07.24
EQUITY RESIDENTIAL - EARNINGS PER SHARE-REPRT DT-Q2;US29476L1070;28.07.10;27.07.11;25.07.12;30.07.13;30.07.14;28.07.15;26.07.16;25.07.17;24.07.18;30.07.19;28.07.20;27.07.21;26.07.22;27.07.23;29.07.24
EQT CORPORATION - EARNINGS PER SHARE-REPRT DT-Q2;US26884L1098;29.07.10;28.07.11;26.07.12;25.07.13;24.07.14;23.07.15;28.07.16;27.07.17;26.07.18;25.07.19;27.07.20;28.07.21;27.07.22;25.07.23;23.07.24
ESTEE LAUDER CO - EARNINGS PER SHARE-REPRT DT-Q2;US5184391044;12.08.10;15.08.11;14.08.12;15.08.13;15.08.14;17.08.15;19.08.16;18.08.17;20.08.18;19.08.19;20.08.20;19.08.21;17.08.22;18.08.23;19.08.24
EXPEDITORS INTL WASH - EARNINGS PER SHARE-REPRT DT-Q2;US3021301094;02.08.10;02.08.11;07.08.12;06.08.13;05.08.14;04.08.15;02.08.16;08.08.17;07.08.18;06.08.19;04.08.20;03.08.21;02.08.22;08.08.23;06.08.24
EXXON MOBIL CORP - EARNINGS PER SHARE-REPRT DT-Q2;US30231G1022;29.07.10;28.07.11;26.07.12;01.08.13;31.07.14;31.07.15;29.07.16;28.07.17;27.07.18;02.08.19;31.07.20;30.07.21;29.07.22;28.07.23;02.08.24
NEXTERA ENERGY - EARNINGS PER SHARE-REPRT DT-Q2;US65339F1012;23.07.10;27.07.11;26.07.12;30.07.13;31.07.14;03.08.15;27.07.16;26.07.17;25.07.18;24.07.19;24.07.20;23.07.21;22.07.22;25.07.23;24.07.24
FACTSET RESEARCH SYS - EARNINGS PER SHARE-REPRT DT-Q2;US3030751057;15.06.10;14.06.11;12.06.12;18.06.13;17.06.14;16.06.15;28.06.16;27.06.17;26.06.18;25.06.19;25.06.20;29.06.21;23.06.22;22.06.23;21.06.24
FAIR ISAAC CORP. - EARNINGS PER SHARE-REPRT DT-Q2;US3032501047;06.08.10;03.08.11;25.07.12;30.07.13;24.07.14;29.07.15;28.07.16;31.07.17;26.07.18;31.07.19;29.07.20;03.08.21;03.08.22;02.08.23;31.07.24
ASSURANT INC - EARNINGS PER SHARE-REPRT DT-Q2;US04621X1081;28.07.10;27.07.11;25.07.12;24.07.13;23.07.14;28.07.15;26.07.16;01.08.17;07.08.18;06.08.19;04.08.20;03.08.21;02.08.22;01.08.23;06.08.24
FASTENAL - EARNINGS PER SHARE-REPRT DT-Q2;US3119001044;13.07.10;12.07.11;12.07.12;10.07.13;11.07.14;14.07.15;12.07.16;12.07.17;11.07.18;11.07.19;14.07.20;13.07.21;13.07.22;13.07.23;12.07.24
FIFTH THIRD BANCORP - EARNINGS PER SHARE-REPRT DT-Q2;US3167731005;22.07.10;21.07.11;19.07.12;18.07.13;17.07.14;21.07.15;28.07.16;21.07.17;19.07.18;23.07.19;23.07.20;22.07.21;21.07.22;20.07.23;19.07.24
M&T BANK - EARNINGS PER SHARE-REPRT DT-Q2;US55261F1049;21.07.10;20.07.11;17.07.12;17.07.13;17.07.14;16.07.15;20.07.16;19.07.17;18.07.18;18.07.19;23.07.20;21.07.21;20.07.22;19.07.23;18.07.24
FISERV - EARNINGS PER SHARE-REPRT DT-Q2;US3377381088;27.07.10;26.07.11;30.07.12;30.07.13;29.07.14;29.07.15;02.08.16;01.08.17;31.07.18;25.07.19;05.08.20;27.07.21;26.07.22;26.07.23;25.07.24
FRANKLIN RESOURCES - EARNINGS PER SHARE-REPRT DT-Q2;US3546131018;29.07.10;02.08.11;30.07.12;29.07.13;30.07.14;29.07.15;28.07.16;28.07.17;27.07.18;30.07.19;28.07.20;03.08.21;28.07.22;28.07.23;26.07.24
FREEPOR - CMORAN INC - EARNINGS PER SHARE-REPRT DT-Q2;US35671D8570;21.07.10;21.07.11;19.07.12;23.07.13;23.07.14;23.07.15;26.07.16;25.07.17;25.07.18;24.07.19;23.07.20;22.07.21;21.07.22;20.07.23;23.07.24
ARTHUR J. GALLAGHE - EARNINGS PER SHARE-REPRT DT-Q2;US3635761097;27.07.10;26.07.11;31.07.12;30.07.13;29.07.14;28.07.15;28.07.16;27.07.17;27.07.18;25.07.19;30.07.20;29.07.21;28.07.22;27.07.23;25.07.24
GENERAL DYNAMICS - EARNINGS PER SHARE-REPRT DT-Q2;US3695501086;28.07.10;27.07.11;25.07.12;24.07.13;23.07.14;29.07.15;27.07.16;26.07.17;25.07.18;24.07.19;29.07.20;28.07.21;27.07.22;26.07.23;24.07.24
GENERAL MILLS - EARNINGS PER SHARE-REPRT DT-Q2;US3703341046;29.06.10;29.06.11;27.06.12;26.06.13;25.06.14;01.07.15;30.06.16;28.06.17;27.06.18;26.06.19;01.07.20;30.06.21;29.06.22;28.06.23;26.06.24
GENUINE PARTS - EARNINGS PER SHARE-REPRT DT-Q2;US3724601055;16.07.10;15.07.11;19.07.12;18.07.13;21.07.14;20.07.15;19.07.16;20.07.17;19.07.18;18.07.19;30.07.20;22.07.21;27.07.22;20.07.23;23.07.24
GILEAD SCIENCES, INC - EARNINGS PER SHARE-REPRT DT-Q2;US3755581036;20.07.10;26.07.11;26.07.12;25.07.13;23.07.14;28.07.15;25.07.16;26.07.17;25.07.18;30.07.19;30.07.20;29.07.21;02.08.22;03.08.23;08.08.24
GARTNER INC - EARNINGS PER SHARE-REPRT DT-Q2;US3666511072;09.08.10;02.08.11;03.08.12;02.08.13;05.08.14;30.07.15;04.08.16;08.08.17;01.08.18;30.07.19;04.08.20;03.08.21;02.08.22;01.08.23;30.07.24
MCKESSON CORPORATION - EARNINGS PER SHARE-REPRT DT-Q2;US58155Q1031;30.07.10;28.07.11;26.07.12;25.07.13;31.07.14;29.07.15;27.07.16;27.07.17;26.07.18;31.07.19;03.08.20;04.08.21;03.08.22;02.08.23;07.08.24
NVIDIA CORPORATION - EARNINGS PER SHARE-REPRT DT-Q2;US67066G1040;12.08.10;11.08.11;09.08.12;08.08.13;07.08.14;06.08.15;11.08.16;10.08.17;16.08.18;15.08.19;19.08.20;18.08.21;24.08.22;23.08.23;28.08.24
WW GRAINGER INC - EARNINGS PER SHARE-REPRT DT-Q2;US3848021040;15.07.10;19.07.11;18.07.12;17.07.13;17.07.14;17.07.15;19.07.16;19.07.17;18.07.18;24.07.19;23.07.20;30.07.21;29.07.22;27.07.23;01.08.24
HALLIBURTON COMPANY - EARNINGS PER SHARE-REPRT DT-Q2;US4062161017;19.07.10;18.07.11;23.07.12;22.07.13;21.07.14;20.07.15;20.07.16;24.07.17;23.07.18;22.07.19;20.07.20;20.07.21;19.07.22;19.07.23;19.07.24
GOLDMAN SACHS GROUP - EARNINGS PER SHARE-REPRT DT-Q2;US38141G1040;20.07.10;19.07.11;17.07.12;16.07.13;15.07.14;16.07.15;19.07.16;18.07.17;17.07.18;16.07.19;15.07.20;13.07.21;18.07.22;19.07.23;15.07.24
HASBRO INC - EARNINGS PER SHARE-REPRT DT-Q2;US4180561072;19.07.10;18.07.11;23.07.12;22.07.13;21.07.14;20.07.15;18.07.16;24.07.17;23.07.18;23.07.19;27.07.20;26.07.21;19.07.22;03.08.23;25.07.24
SCHEIN (HENRY) INC - EARNINGS PER SHARE-REPRT DT-Q2;US8064071025;02.08.10;02.08.11;02.08.12;06.08.13;04.08.14;29.07.15;04.08.16;08.08.17;06.08.18;06.08.19;04.08.20;03.08.21;02.08.22;07.08.23;06.08.24
HERSHEY CO - EARNINGS PER SHARE-REPRT DT-Q2;US4278661081;22.07.10;26.07.11;26.07.12;25.07.13;24.07.14;07.08.15;28.07.16;26.07.17;27.07.18;25.07.19;23.07.20;29.07.21;28.07.22;27.07.23;01.08.24
F5 - EARNINGS PER SHARE-REPRT DT-Q2;US3156161024;06.08.10;20.07.11;18.07.12;24.07.13;23.07.14;22.07.15;20.07.16;26.07.17;25.07.18;24.07.19;27.07.20;26.07.21;25.07.22;24.07.23;29.07.24
HOLOGIC - EARNINGS PER SHARE-REPRT DT-Q2;US4364401012;02.08.10;01.08.11;30.07.12;05.08.13;30.07.14;29.07.15;27.07.16;02.08.17;31.07.18;31.07.19;29.07.20;28.07.21;27.07.22;31.07.23;29.07.24
HOME DEPOT - EARNINGS PER SHARE-REPRT DT-Q2;US4370761029;17.08.10;16.08.11;14.08.12;20.08.13;19.08.14;18.08.15;16.08.16;15.08.17;14.08.18;20.08.19;18.08.20;17.08.21;16.08.22;15.08.23;13.08.24
HORMEL FOODS - EARNINGS PER SHARE-REPRT DT-Q2;US4404521001;19.05.10;25.05.11;23.05.12;23.05.13;21.05.14;20.05.15;18.05.16;25.05.17;24.05.18;23.05.19;21.05.20;20.05.21;02.06.22;01.06.23;30.05.24
CENTERPOINT EN. - EARNINGS PER SHARE-REPRT DT-Q2;US15189T1079;04.08.10;04.08.11;02.08.12;01.08.13;06.08.14;10.08.15;05.08.16;03.08.17;03.08.18;07.08.19;06.08.20;05.08.21;02.08.22;27.07.23;30.07.24
LENNOX INTERNATIONAL - EARNINGS PER SHARE-REPRT DT-Q2;US5261071071;27.07.10;26.07.11;24.07.12;22.07.13;21.07.14;20.07.15;18.07.16;24.07.17;23.07.18;22.07.19;20.07.20;26.07.21;28.07.22;27.07.23;24.07.24
HUMANA INC. - EARNINGS PER SHARE-REPRT DT-Q2;US4448591028;02.08.10;01.08.11;30.07.12;31.07.13;30.07.14;29.07.15;03.08.16;02.08.17;01.08.18;31.07.19;05.08.20;28.07.21;27.07.22;02.08.23;31.07.24
HUNT JB TRANSPORT SVS. - EARNINGS PER SHARE-REPRT DT-Q2;US4456581077;15.07.10;14.07.11;16.07.12;15.07.13;15.07.14;17.07.15;18.07.16;17.07.17;16.07.18;15.07.19;16.07.20;19.07.21;19.07.22;18.07.23;16.07.24
HUNTINGTON BCSH. - EARNINGS PER SHARE-REPRT DT-Q2;US4461501045;22.07.10;21.07.11;19.07.12;18.07.13;18.07.14;23.07.15;21.07.16;21.07.17;25.07.18;25.07.19;23.07.20;29.07.21;21.07.22;21.07.23;19.07.24
BIOGEN - EARNINGS PER SHARE-REPRT DT-Q2;US09062X1037;20.07.10;26.07.11;24.07.12;25.07.13;23.07.14;24.07.15;21.07.16;25.07.17;24.07.18;23.07.19;22.07.20;22.07.21;20.07.22;25.07.23;01.08.24
IDEX CORP - EARNINGS PER SHARE-REPRT DT-Q2;US45167R1041;19.07.10;20.07.11;23.07.12;22.07.13;22.07.14;22.07.15;19.07.16;25.07.17;24.07.18;25.07.19;23.07.20;27.07.21;26.07.22;26.07.23;01.08.24
ILLINOIS TOOL WORKS - EARNINGS PER SHARE-REPRT DT-Q2;US4523081093;20.07.10;26.07.11;24.07.12;23.07.13;29.07.14;22.07.15;20.07.16;24.07.17;23.07.18;26.07.19;31.07.20;30.07.21;02.08.22;01.08.23;30.07.24
INTUIT INC - EARNINGS PER SHARE-REPRT DT-Q2;US4612021034;20.05.10;19.05.11;17.05.12;21.05.13;20.05.14;21.05.15;24.05.16;23.05.17;22.05.18;23.05.19;21.05.20;25.05.21;24.05.22;23.05.23;23.05.24
IDEXX LABORATORIES - EARNINGS PER SHARE-REPRT DT-Q2;US45168D1046;23.07.10;22.07.11;20.07.12;23.07.13;25.07.14;30.07.15;02.08.16;01.08.17;01.08.18;01.08.19;31.07.20;30.07.21;02.08.22;01.08.23;06.08.24
INTEL CORP - EARNINGS PER SHARE-REPRT DT-Q2;US4581401001;13.07.10;20.07.11;17.07.12;17.07.13;15.07.14;15.07.15;20.07.16;27.07.17;26.07.18;26.07.19;23.07.20;22.07.21;28.07.22;27.07.23;01.08.24
INTL FLAVORS&FRAGRAN - EARNINGS PER SHARE-REPRT DT-Q2;US4595061015;05.08.10;09.08.11;08.08.12;06.08.13;05.08.14;10.08.15;08.08.16;08.08.17;07.08.18;05.08.19;10.08.20;05.08.21;08.08.22;07.08.23;06.08.24
INTERNATIONAL PAPER - EARNINGS PER SHARE-REPRT DT-Q2;US4601461035;28.07.10;28.07.11;26.07.12;25.07.13;29.07.14;29.07.15;28.07.16;27.07.17;26.07.18;25.07.19;31.07.20;30.07.21;28.07.22;27.07.23;26.07.24
INTERPUBLIC GROUP - EARNINGS PER SHARE-REPRT DT-Q2;US4606901001;29.07.10;28.07.11;26.07.12;19.07.13;18.07.14;23.07.15;21.07.16;25.07.17;25.07.18;23.07.19;29.07.20;21.07.21;21.07.22;21.07.23;24.07.24
HENRY, (JACK) & ASSC - EARNINGS PER SHARE-REPRT DT-Q2;US4262811015;17.08.10;16.08.11;14.08.12;13.08.13;12.08.14;25.08.15;16.08.16;15.08.17;21.08.18;20.08.19;18.08.20;17.08.21;16.08.22;15.08.23;20.08.24
JABIL INC - EARNINGS PER SHARE-REPRT DT-Q2;US4663131039;22.06.10;21.06.11;19.06.12;19.06.13;18.06.14;17.06.15;15.06.16;14.06.17;14.06.18;18.06.19;19.06.20;17.06.21;16.06.22;15.06.23;20.06.24
INCYTE - EARNINGS PER SHARE-REPRT DT-Q2;US45337C1027;05.08.10;28.07.11;02.08.12;01.08.13;31.07.14;04.08.15;09.08.16;01.08.17;31.07.18;30.07.19;04.08.20;03.08.21;02.08.22;01.08.23;30.07.24
EMCOR GROUP - EARNINGS PER SHARE-REPRT DT-Q2;US29084Q1004;29.07.10;28.07.11;26.07.12;25.07.13;29.07.14;30.07.15;28.07.16;27.07.17;26.07.18;30.07.19;03.08.20;29.07.21;28.07.22;27.07.23;25.07.24
JOHNSON & JOHNSON - EARNINGS PER SHARE-REPRT DT-Q2;US4781601046;20.07.10;19.07.11;17.07.12;16.07.13;15.07.14;14.07.15;19.07.16;18.07.17;17.07.18;16.07.19;16.07.20;21.07.21;19.07.22;20.07.23;17.07.24
HARTFORD INSURANCE GROUP - EARNINGS PER SHARE-REPRT DT-Q2;US4165151048;04.08.10;03.08.11;01.08.12;29.07.13;30.07.14;27.07.15;28.07.16;27.07.17;26.07.18;01.08.19;30.07.20;28.07.21;28.07.22;27.07.23;25.07.24
KLA - EARNINGS PER SHARE-REPRT DT-Q2;US4824801009;29.07.10;28.07.11;26.07.12;25.07.13;24.07.14;30.07.15;28.07.16;27.07.17;30.07.18;05.08.19;03.08.20;29.07.21;28.07.22;27.07.23;24.07.24
DEVON ENERGY CORP - EARNINGS PER SHARE-REPRT DT-Q2;US25179M1036;04.08.10;03.08.11;01.08.12;07.08.13;05.08.14;04.08.15;02.08.16;01.08.17;31.07.18;06.08.19;04.08.20;03.08.21;01.08.22;01.08.23;06.08.24
KELLANOVA - EARNINGS PER SHARE-REPRT DT-Q2;US4878361082;29.07.10;28.07.11;02.08.12;01.08.13;31.07.14;04.08.15;04.08.16;03.08.17;02.08.18;01.08.19;30.07.20;05.08.21;04.08.22;03.08.23;01.08.24
KEYCORP - EARNINGS PER SHARE-REPRT DT-Q2;US4932671088;22.07.10;19.07.11;19.07.12;18.07.13;17.07.14;16.07.15;26.07.16;20.07.17;19.07.18;23.07.19;22.07.20;20.07.21;21.07.22;20.07.23;18.07.24
KIMCO REALTY - EARNINGS PER SHARE-REPRT DT-Q2;US49446R1095;27.07.10;26.07.11;31.07.12;30.07.13;30.07.14;28.07.15;27.07.16;26.07.17;27.07.18;25.07.19;07.08.20;29.07.21;28.07.22;27.07.23;01.08.24
KIMBERLY-CLARK - LARK - EARNINGS PER SHARE-REPRT DT-Q2;US4943681035;23.07.10;25.07.11;26.07.12;22.07.13;22.07.14;23.07.15;25.07.16;25.07.17;24.07.18;23.07.19;23.07.20;23.07.21;26.07.22;25.07.23;23.07.24
KROGER CO - EARNINGS PER SHARE-REPRT DT-Q2;US5010441013;22.09.10;09.09.11;07.09.12;12.09.13;11.09.14;11.09.15;09.09.16;08.09.17;13.09.18;12.09.19;11.09.20;10.09.21;09.09.22;08.09.23;12.09.24
TELEDYNE TECH. - EARNINGS PER SHARE-REPRT DT-Q2;US8793601050;29.07.10;28.07.11;26.07.12;25.07.13;24.07.14;30.07.15;04.08.16;03.08.17;02.08.18;24.07.19;22.07.20;28.07.21;27.07.22;26.07.23;24.07.24
PACKAGING CORP - EARNINGS PER SHARE-REPRT DT-Q2;US6951561090;19.07.10;18.07.11;16.07.12;16.07.13;21.07.14;21.07.15;21.07.16;26.07.17;25.07.18;24.07.19;28.07.20;26.07.21;25.07.22;24.07.23;23.07.24
AKAMAI TECHNOLOGIES - EARNINGS PER SHARE-REPRT DT-Q2;US00971T1016;28.07.10;27.07.11;25.07.12;24.07.13;30.07.14;28.07.15;26.07.16;25.07.17;31.07.18;30.07.19;28.07.20;03.08.21;09.08.22;08.08.23;08.08.24
LENNAR CORP - EARNINGS PER SHARE-REPRT DT-Q2;US5260571048;24.06.10;23.06.11;27.06.12;25.06.13;26.06.14;24.06.15;01.07.16;20.06.17;26.06.18;25.06.19;15.06.20;16.06.21;21.06.22;14.06.23;17.06.24
LILLY (ELI) AND CO. - EARNINGS PER SHARE-REPRT DT-Q2;US5324571083;22.07.10;21.07.11;25.07.12;24.07.13;24.07.14;23.07.15;26.07.16;25.07.17;25.07.18;30.07.19;30.07.20;03.08.21;04.08.22;08.08.23;08.08.24
UNITED PARCEL SVCS - EARNINGS PER SHARE-REPRT DT-Q2;US9113121068;22.07.10;26.07.11;24.07.12;23.07.13;29.07.14;28.07.15;29.07.16;27.07.17;25.07.18;24.07.19;30.07.20;27.07.21;26.07.22;08.08.23;23.07.24
AGILENT TECHNOLOGIES - EARNINGS PER SHARE-REPRT DT-Q2;US00846U1016;17.05.10;13.05.11;14.05.12;14.05.13;14.05.14;18.05.15;16.05.16;22.05.17;14.05.18;14.05.19;21.05.20;25.05.21;24.05.22;23.05.23;29.05.24
LOCKHEED MARTIN CORP - EARNINGS PER SHARE-REPRT DT-Q2;US5398301094;27.07.10;26.07.11;24.07.12;23.07.13;22.07.14;20.07.15;20.07.16;18.07.17;24.07.18;23.07.19;21.07.20;26.07.21;19.07.22;18.07.23;23.07.24
LOEWS CORPORATION - EARNINGS PER SHARE-REPRT DT-Q2;US5404241086;02.08.10;01.08.11;30.07.12;29.07.13;04.08.14;04.08.15;01.08.16;31.07.17;30.07.18;05.08.19;03.08.20;02.08.21;01.08.22;31.07.23;29.07.24
CARNIVAL - EARNINGS PER SHARE-REPRT DT-Q2;PA1436583006;22.06.10;21.06.11;22.06.12;25.06.13;24.06.14;23.06.15;28.06.16;22.06.17;25.06.18;20.06.19;10.07.20;24.06.21;24.06.22;26.06.23;25.06.24
LOWE'S COMPANIES - EARNINGS PER SHARE-REPRT DT-Q2;US5486611073;16.08.10;15.08.11;20.08.12;21.08.13;20.08.14;19.08.15;17.08.16;23.08.17;22.08.18;21.08.19;26.08.20;18.08.21;17.08.22;22.08.23;20.08.24
DOMINION ENERGY - EARNINGS PER SHARE-REPRT DT-Q2;US25746U1097;28.07.10;28.07.11;01.08.12;06.08.13;30.07.14;06.08.15;03.08.16;01.08.17;01.08.18;31.07.19;31.07.20;06.08.21;08.08.22;04.08.23;01.08.24
MGM RESORTS INTL. - EARNINGS PER SHARE-REPRT DT-Q2;US5529531015;03.08.10;08.08.11;07.08.12;06.08.13;05.08.14;04.08.15;04.08.16;27.07.17;02.08.18;25.07.19;30.07.20;04.08.21;03.08.22;02.08.23;31.07.24
MCCORMICK & COMPANY NV. - EARNINGS PER SHARE-REPRT DT-Q2;US5797802064;24.06.10;30.06.11;27.06.12;27.06.13;26.06.14;01.07.15;30.06.16;29.06.17;28.06.18;27.06.19;25.06.20;01.07.21;29.06.22;29.06.23;27.06.24
MCDONALD'S CORP - EARNINGS PER SHARE-REPRT DT-Q2;US5801351017;23.07.10;22.07.11;23.07.12;22.07.13;22.07.14;23.07.15;27.07.16;24.07.17;26.07.18;26.07.19;28.07.20;28.07.21;26.07.22;27.07.23;29.07.24
EVEREST GROUP LTD - EARNINGS PER SHARE-REPRT DT-Q2;BMG3223R1088;11.08.10;27.07.11;25.07.12;23.07.13;23.07.14;10.08.15;25.07.16;24.07.17;30.07.18;29.07.19;05.08.20;28.07.21;27.07.22;26.07.23;31.07.24
EDWARDS LIFESCIENCES - EARNINGS PER SHARE-REPRT DT-Q2;US28176E1082;21.07.10;21.07.11;24.07.12;25.07.13;29.07.14;28.07.15;26.07.16;26.07.17;26.07.18;23.07.19;23.07.20;29.07.21;28.07.22;26.07.23;24.07.24
HOST HOTELS & RESORTS REIT - EARNINGS PER SHARE-REPRT DT-Q2;US44107P1049;21.07.10;20.07.11;17.07.12;02.08.13;01.08.14;30.07.15;29.07.16;26.07.17;07.08.18;08.08.19;30.07.20;03.08.21;03.08.22;02.08.23;31.07.24
MARSH & MCLENNAN - EARNINGS PER SHARE-REPRT DT-Q2;US5717481023;03.08.10;03.08.11;07.08.12;07.08.13;29.07.14;28.07.15;28.07.16;27.07.17;27.07.18;30.07.19;30.07.20;22.07.21;21.07.22;20.07.23;18.07.24
MASCO CORP - EARNINGS PER SHARE-REPRT DT-Q2;US5745991068;26.07.10;25.07.11;30.07.12;29.07.13;28.07.14;28.07.15;26.07.16;27.07.17;31.07.18;25.07.19;30.07.20;29.07.21;28.07.22;27.07.23;25.07.24
MARTIN MARIETTA MAT - EARNINGS PER SHARE-REPRT DT-Q2;US5732841060;03.08.10;02.08.11;31.07.12;30.07.13;29.07.14;04.08.15;02.08.16;01.08.17;27.07.18;30.07.19;28.07.20;29.07.21;28.07.22;27.07.23;08.08.24
METLIFE INC - EARNINGS PER SHARE-REPRT DT-Q2;US59156R1086;29.07.10;28.07.11;01.08.12;31.07.13;30.07.14;29.07.15;03.08.16;02.08.17;01.08.18;31.07.19;07.08.20;04.08.21;03.08.22;02.08.23;31.07.24
CVS HEALTH CORP - EARNINGS PER SHARE-REPRT DT-Q2;US1266501006;28.07.10;04.08.11;07.08.12;06.08.13;05.08.14;04.08.15;02.08.16;08.08.17;08.08.18;07.08.19;05.08.20;04.08.21;03.08.22;02.08.23;07.08.24
ON SEMICONDUCTOR - EARNINGS PER SHARE-REPRT DT-Q2;US6821891057;05.08.10;03.08.11;03.08.12;01.08.13;31.07.14;02.08.15;06.08.16;06.08.17;30.07.18;04.08.19;08.08.20;02.08.21;01.08.22;31.07.23;29.07.24
MICROSOFT CORP - EARNINGS PER SHARE-REPRT DT-Q2;US5949181045;22.07.10;21.07.11;19.07.12;18.07.13;22.07.14;21.07.15;19.07.16;20.07.17;19.07.18;18.07.19;22.07.20;27.07.21;26.07.22;25.07.23;30.07.24
MICRON TECHNOLOGY - EARNINGS PER SHARE-REPRT DT-Q2;US5951121038;28.06.10;23.06.11;20.06.12;19.06.13;23.06.14;25.06.15;30.06.16;29.06.17;20.06.18;25.06.19;29.06.20;30.06.21;30.06.22;28.06.23;26.06.24
MID-AMERICA APARTMNT - MERICA APARTMNT - EARNINGS PER SHARE-REPRT DT-Q2;US59522J1034;05.08.10;04.08.11;02.08.12;31.07.13;30.07.14;29.07.15;27.07.16;26.07.17;01.08.18;31.07.19;29.07.20;28.07.21;27.07.22;26.07.23;31.07.24
MICROCHIP TECHNOLOGY - EARNINGS PER SHARE-REPRT DT-Q2;US5950171042;05.08.10;04.08.11;02.08.12;31.07.13;11.08.14;03.08.15;08.08.16;03.08.17;09.08.18;06.08.19;04.08.20;03.08.21;02.08.22;03.08.23;01.08.24
3M COMPANY - EARNINGS PER SHARE-REPRT DT-Q2;US88579Y1010;22.07.10;26.07.11;26.07.12;25.07.13;24.07.14;23.07.15;26.07.16;25.07.17;24.07.18;25.07.19;28.07.20;27.07.21;26.07.22;25.07.23;26.07.24
MOHAWK INDUSTRIES - EARNINGS PER SHARE-REPRT DT-Q2;US6081901042;05.08.10;04.08.11;02.08.12;01.08.13;31.07.14;06.08.15;04.08.16;27.07.17;25.07.18;25.07.19;06.08.20;29.07.21;28.07.22;27.07.23;25.07.24
CHAS.RVR.LABS.INTL. - EARNINGS PER SHARE-REPRT DT-Q2;US1598641074;02.08.10;02.08.11;07.08.12;31.07.13;06.08.14;30.07.15;03.08.16;09.08.17;08.08.18;31.07.19;05.08.20;04.08.21;03.08.22;09.08.23;07.08.24
XCEL ENERGY - EARNINGS PER SHARE-REPRT DT-Q2;US98389B1008;29.07.10;28.07.11;02.08.12;01.08.13;31.07.14;30.07.15;03.08.16;27.07.17;27.07.18;01.08.19;30.07.20;29.07.21;28.07.22;27.07.23;01.08.24
FORD MOTOR - EARNINGS PER SHARE-REPRT DT-Q2;US3453708600;22.07.10;26.07.11;25.07.12;24.07.13;24.07.14;28.07.15;28.07.16;26.07.17;26.07.18;25.07.19;31.07.20;28.07.21;27.07.22;27.07.23;24.07.24
NETAPP - EARNINGS PER SHARE-REPRT DT-Q2;US64110D1046;26.05.10;25.05.11;23.05.12;21.05.13;21.05.14;20.05.15;25.05.16;24.05.17;23.05.18;22.05.19;27.05.20;02.06.21;01.06.22;31.05.23;30.05.24
NEWMONT CORP - EARNINGS PER SHARE-REPRT DT-Q2;US6516391066;28.07.10;29.07.11;26.07.12;26.07.13;30.07.14;22.07.15;20.07.16;25.07.17;26.07.18;25.07.19;30.07.20;22.07.21;25.07.22;20.07.23;24.07.24
NVR, INC. - EARNINGS PER SHARE-REPRT DT-Q2;US62944T1051;22.07.10;21.07.11;19.07.12;22.07.13;21.07.14;21.07.15;28.07.16;21.07.17;20.07.18;19.07.19;22.07.20;21.07.21;26.07.22;25.07.23;23.07.24
NIKE 'B' - EARNINGS PER SHARE-REPRT DT-Q2;US6541061031;23.06.10;27.06.11;28.06.12;27.06.13;26.06.14;25.06.15;28.06.16;29.06.17;28.06.18;27.06.19;25.06.20;24.06.21;27.06.22;29.06.23;27.06.24
NORDSON - EARNINGS PER SHARE-REPRT DT-Q2;US6556631025;20.05.10;19.05.11;21.05.12;23.05.13;22.05.14;19.05.15;23.05.16;22.05.17;21.05.18;20.05.19;20.05.20;24.05.21;23.05.22;22.05.23;20.05.24
NORFOLK SOUTHERN - EARNINGS PER SHARE-REPRT DT-Q2;US6558441084;27.07.10;26.07.11;24.07.12;23.07.13;23.07.14;27.07.15;27.07.16;26.07.17;25.07.18;24.07.19;29.07.20;28.07.21;27.07.22;27.07.23;26.07.24
NISOURCE INC - EARNINGS PER SHARE-REPRT DT-Q2;US65473P1057;03.08.10;02.08.11;31.07.12;31.07.13;31.07.14;03.08.15;02.08.16;02.08.17;01.08.18;31.07.19;05.08.20;04.08.21;03.08.22;02.08.23;07.08.24
NORTHERN TRUST CORP - EARNINGS PER SHARE-REPRT DT-Q2;US6658591044;30.07.10;20.07.11;18.07.12;17.07.13;16.07.14;22.07.15;20.07.16;19.07.17;18.07.18;24.07.19;22.07.20;21.07.21;20.07.22;19.07.23;17.07.24
NORTHROP GRUMMAN - EARNINGS PER SHARE-REPRT DT-Q2;US6668071029;28.07.10;27.07.11;25.07.12;24.07.13;23.07.14;29.07.15;27.07.16;25.07.17;25.07.18;24.07.19;30.07.20;29.07.21;28.07.22;27.07.23;25.07.24
WELLS FARGO & CO - EARNINGS PER SHARE-REPRT DT-Q2;US9497461015;21.07.10;19.07.11;13.07.12;07.08.13;11.07.14;14.07.15;15.07.16;14.07.17;13.07.18;16.07.19;14.07.20;14.07.21;15.07.22;14.07.23;12.07.24
NUCOR CORP - EARNINGS PER SHARE-REPRT DT-Q2;US6703461052;22.07.10;21.07.11;19.07.12;18.07.13;24.07.14;23.07.15;21.07.16;20.07.17;19.07.18;18.07.19;23.07.20;22.07.21;21.07.22;24.07.23;22.07.24
CAPITAL ONE FIN'L - EARNINGS PER SHARE-REPRT DT-Q2;US14040H1059;22.07.10;13.07.11;18.07.12;18.07.13;17.07.14;23.07.15;21.07.16;20.07.17;19.07.18;18.07.19;21.07.20;22.07.21;21.07.22;20.07.23;23.07.24
OCCIDENTAL PETROLEUM - EARNINGS PER SHARE-REPRT DT-Q2;US6745991058;27.07.10;26.07.11;26.07.12;30.07.13;05.08.14;30.07.15;03.08.16;02.08.17;08.08.18;31.07.19;10.08.20;03.08.21;02.08.22;02.08.23;07.08.24
OLD DOMINION FREIGHT - EARNINGS PER SHARE-REPRT DT-Q2;US6795801009;28.07.10;28.07.11;02.08.12;25.07.13;31.07.14;30.07.15;28.07.16;27.07.17;26.07.18;25.07.19;30.07.20;28.07.21;27.07.22;26.07.23;24.07.24
ORACLE CORP - EARNINGS PER SHARE-REPRT DT-Q2;US68389X1054;24.06.10;23.06.11;18.06.12;20.06.13;19.06.14;17.06.15;16.06.16;21.06.17;19.06.18;19.06.19;16.06.20;15.06.21;13.06.22;12.06.23;11.06.24
PACCAR INC. - EARNINGS PER SHARE-REPRT DT-Q2;US6937181088;27.07.10;26.07.11;24.07.12;23.07.13;29.07.14;28.07.15;26.07.16;25.07.17;24.07.18;23.07.19;21.07.20;27.07.21;26.07.22;25.07.23;23.07.24
EXELON - EARNINGS PER SHARE-REPRT DT-Q2;US30161N1019;22.07.10;27.07.11;01.08.12;31.07.13;31.07.14;29.07.15;09.08.16;02.08.17;02.08.18;01.08.19;04.08.20;04.08.21;03.08.22;02.08.23;01.08.24
PARKER-HANNIFIN - ANNIFIN CORP - EARNINGS PER SHARE-REPRT DT-Q2;US7010941042;03.08.10;02.08.11;02.08.12;30.07.13;06.08.14;04.08.15;04.08.16;03.08.17;02.08.18;01.08.19;26.08.20;05.08.21;04.08.22;03.08.23;08.08.24
PAYCHEX - EARNINGS PER SHARE-REPRT DT-Q2;US7043261079;23.06.10;22.06.11;27.06.12;26.06.13;01.07.14;01.07.15;30.06.16;28.06.17;27.06.18;26.06.19;07.07.20;25.06.21;29.06.22;29.06.23;26.06.24
ALIGN TECHNOLOGY - EARNINGS PER SHARE-REPRT DT-Q2;US0162551016;22.07.10;01.08.11;19.07.12;18.07.13;24.07.14;23.07.15;28.07.16;27.07.17;25.07.18;24.07.19;22.07.20;28.07.21;27.07.22;26.07.23;24.07.24
PPL - EARNINGS PER SHARE-REPRT DT-Q2;US69351T1060;05.08.10;05.08.11;08.08.12;01.08.13;31.07.14;03.08.15;09.08.16;03.08.17;07.08.18;06.08.19;10.08.20;05.08.21;03.08.22;04.08.23;02.08.24
PEPSICO INC - EARNINGS PER SHARE-REPRT DT-Q2;US7134481081;20.07.10;21.07.11;25.07.12;24.07.13;23.07.14;09.07.15;07.07.16;11.07.17;10.07.18;09.07.19;13.07.20;13.07.21;12.07.22;13.07.23;11.07.24
PFIZER INC - EARNINGS PER SHARE-REPRT DT-Q2;US7170811035;03.08.10;02.08.11;01.08.12;30.07.13;29.07.14;06.08.15;02.08.16;01.08.17;31.07.18;29.07.19;28.07.20;28.07.21;28.07.22;01.08.23;30.07.24
CONOCOPHILLIPS - EARNINGS PER SHARE-REPRT DT-Q2;US20825C1045;28.07.10;27.07.11;25.07.12;02.08.13;31.07.14;04.08.15;28.07.16;27.07.17;26.07.18;30.07.19;30.07.20;03.08.21;04.08.22;03.08.23;01.08.24
PG&E - EARNINGS PER SHARE-REPRT DT-Q2;US69331C1080;04.08.10;04.08.11;07.08.12;31.07.13;31.07.14;29.07.15;28.07.16;27.07.17;26.07.18;09.08.19;30.07.20;29.07.21;28.07.22;27.07.23;25.07.24
ALTRIA GROUP - EARNINGS PER SHARE-REPRT DT-Q2;US02209S1033;21.07.10;20.07.11;24.07.12;23.07.13;22.07.14;29.07.15;27.07.16;27.07.17;26.07.18;30.07.19;28.07.20;29.07.21;28.07.22;01.08.23;31.07.24
PNC FINL SVCS GROUP - EARNINGS PER SHARE-REPRT DT-Q2;US6934751057;22.07.10;20.07.11;18.07.12;17.07.13;16.07.14;15.07.15;15.07.16;14.07.17;13.07.18;17.07.19;15.07.20;14.07.21;15.07.22;18.07.23;16.07.24
BROWN & BROWN - EARNINGS PER SHARE-REPRT DT-Q2;US1152361010;19.07.10;18.07.11;16.07.12;15.07.13;22.07.14;20.07.15;18.07.16;17.07.17;23.07.18;22.07.19;27.07.20;26.07.21;25.07.22;24.07.23;22.07.24
PPG INDUSTRIES INC - EARNINGS PER SHARE-REPRT DT-Q2;US6935061076;15.07.10;21.07.11;19.07.12;18.07.13;17.07.14;16.07.15;21.07.16;20.07.17;20.07.18;18.07.19;16.07.20;19.07.21;21.07.22;20.07.23;18.07.24
COSTCO WHOLESALE - EARNINGS PER SHARE-REPRT DT-Q2;US22160K1051;28.05.10;25.05.11;24.05.12;30.05.13;29.05.14;28.05.15;26.05.16;25.05.17;31.05.18;30.05.19;28.05.20;27.05.21;26.05.22;25.05.23;30.05.24
T ROWE PRICE - EARNINGS PER SHARE-REPRT DT-Q2;US74144T1088;23.07.10;26.07.11;25.07.12;24.07.13;24.07.14;23.07.15;26.07.16;25.07.17;25.07.18;24.07.19;29.07.20;29.07.21;28.07.22;28.07.23;26.07.24
QUEST DIAGNOSTICS - EARNINGS PER SHARE-REPRT DT-Q2;US74834L1008;21.07.10;20.07.11;19.07.12;18.07.13;24.07.14;23.07.15;21.07.16;25.07.17;24.07.18;23.07.19;23.07.20;22.07.21;21.07.22;26.07.23;23.07.24
PROCTER & GAMBLE - EARNINGS PER SHARE-REPRT DT-Q2;US7427181091;03.08.10;05.08.11;03.08.12;01.08.13;01.08.14;30.07.15;02.08.16;27.07.17;31.07.18;30.07.19;30.07.20;30.07.21;29.07.22;28.07.23;30.07.24
PROGRESSIVE CORP - EARNINGS PER SHARE-REPRT DT-Q2;US7433151039;14.07.10;14.07.11;02.08.12;06.08.13;30.07.14;05.08.15;14.07.16;18.07.17;17.07.18;17.07.19;15.07.20;15.07.21;15.07.22;13.07.23;05.08.24
PUBLIC SVC ENTRPR GR - EARNINGS PER SHARE-REPRT DT-Q2;US7445731067;30.07.10;03.08.11;31.07.12;30.07.13;01.08.14;31.07.15;29.07.16;28.07.17;01.08.18;31.07.19;31.07.20;03.08.21;02.08.22;01.08.23;30.07.24
PULTEGROUP - EARNINGS PER SHARE-REPRT DT-Q2;US7458671010;04.08.10;28.07.11;26.07.12;25.07.13;24.07.14;23.07.15;21.07.16;25.07.17;26.07.18;23.07.19;23.07.20;27.07.21;26.07.22;25.07.23;23.07.24
GLOBAL PAYMENTS - EARNINGS PER SHARE-REPRT DT-Q2;US37940X1028;27.07.10;21.07.11;26.07.12;25.07.13;29.07.14;28.07.15;NA;03.08.17;02.08.18;30.07.19;03.08.20;02.08.21;01.08.22;01.08.23;07.08.24
QUALCOMM - EARNINGS PER SHARE-REPRT DT-Q2;US7475251036;21.07.10;20.07.11;18.07.12;24.07.13;23.07.14;22.07.15;20.07.16;19.07.17;25.07.18;31.07.19;29.07.20;28.07.21;27.07.22;02.08.23;31.07.24
RAYMOND JAMES FINL. - EARNINGS PER SHARE-REPRT DT-Q2;US7547301090;21.07.10;20.07.11;25.07.12;24.07.13;23.07.14;22.07.15;20.07.16;26.07.17;25.07.18;24.07.19;29.07.20;28.07.21;27.07.22;26.07.23;24.07.24
REALTY INCOME - EARNINGS PER SHARE-REPRT DT-Q2;US7561091049;28.07.10;28.07.11;26.07.12;25.07.13;24.07.14;30.07.15;27.07.16;26.07.17;01.08.18;06.08.19;03.08.20;02.08.21;03.08.22;02.08.23;05.08.24
REGENCY CENTERS - EARNINGS PER SHARE-REPRT DT-Q2;US7588491032;06.08.10;03.08.11;01.08.12;31.07.13;06.08.14;06.08.15;03.08.16;04.08.17;02.08.18;06.08.19;03.08.20;05.08.21;04.08.22;03.08.23;01.08.24
UDR INC - EARNINGS PER SHARE-REPRT DT-Q2;US9026531049;02.08.10;01.08.11;30.07.12;30.07.13;29.07.14;27.07.15;26.07.16;26.07.17;30.07.18;30.07.19;28.07.20;28.07.21;26.07.22;26.07.23;30.07.24
REGENERON PHARMA - EARNINGS PER SHARE-REPRT DT-Q2;US75886F1075;28.07.10;28.07.11;25.07.12;06.08.13;05.08.14;04.08.15;04.08.16;03.08.17;02.08.18;06.08.19;05.08.20;05.08.21;03.08.22;03.08.23;01.08.24
RESMED - EARNINGS PER SHARE-REPRT DT-Q2;US7611521078;05.08.10;04.08.11;02.08.12;01.08.13;31.07.14;30.07.15;28.07.16;01.08.17;02.08.18;25.07.19;05.08.20;05.08.21;11.08.22;03.08.23;01.08.24
US BANCORP - EARNINGS PER SHARE-REPRT DT-Q2;US9029733048;21.07.10;20.07.11;18.07.12;17.07.13;16.07.14;15.07.15;15.07.16;19.07.17;18.07.18;17.07.19;15.07.20;15.07.21;15.07.22;19.07.23;17.07.24
ARCH CAP.GP. - EARNINGS PER SHARE-REPRT DT-Q2;BMG0450A1053;26.07.10;25.07.11;25.07.12;25.07.13;31.07.14;29.07.15;05.08.16;26.07.17;31.07.18;29.07.19;29.07.20;28.07.21;27.07.22;26.07.23;30.07.24
ROSS STORES, INC. - EARNINGS PER SHARE-REPRT DT-Q2;US7782961038;19.08.10;18.08.11;16.08.12;22.08.13;21.08.14;20.08.15;18.08.16;17.08.17;23.08.18;22.08.19;20.08.20;19.08.21;18.08.22;17.08.23;22.08.24
ROLLINS, INC. - EARNINGS PER SHARE-REPRT DT-Q2;US7757111049;28.07.10;27.07.11;25.07.12;24.07.13;23.07.14;29.07.15;27.07.16;26.07.17;25.07.18;24.07.19;29.07.20;28.07.21;27.07.22;26.07.23;24.07.24
ROPER TECHNOLOGIES - EARNINGS PER SHARE-REPRT DT-Q2;US7766961061;26.07.10;25.07.11;30.07.12;29.07.13;28.07.14;27.07.15;05.08.16;31.07.17;26.07.18;25.07.19;28.07.20;23.07.21;22.07.22;21.07.23;24.07.24
ROCKWELL AUTOMATION - EARNINGS PER SHARE-REPRT DT-Q2;US7739031091;28.07.10;28.07.11;25.07.12;30.07.13;30.07.14;29.07.15;27.07.16;26.07.17;25.07.18;25.07.19;28.07.20;27.07.21;27.07.22;01.08.23;07.08.24
ROYAL CARIBBEAN - EARNINGS PER SHARE-REPRT DT-Q2;LR0008862868;22.07.10;27.07.11;26.07.12;25.07.13;24.07.14;31.07.15;02.08.16;01.08.17;02.08.18;25.07.19;10.08.20;04.08.21;28.07.22;27.07.23;25.07.24
TRAVELERS COS - EARNINGS PER SHARE-REPRT DT-Q2;US89417E1091;22.07.10;21.07.11;19.07.12;23.07.13;22.07.14;21.07.15;21.07.16;20.07.17;19.07.18;23.07.19;23.07.20;20.07.21;21.07.22;20.07.23;19.07.24
FIDELITY NATNL INF - EARNINGS PER SHARE-REPRT DT-Q2;US31620M1062;20.07.10;19.07.11;17.07.12;30.07.13;29.07.14;23.07.15;26.07.16;02.08.17;31.07.18;06.08.19;04.08.20;03.08.21;04.08.22;02.08.23;06.08.24
MERCK & CO INC - EARNINGS PER SHARE-REPRT DT-Q2;US58933Y1055;30.07.10;29.07.11;27.07.12;30.07.13;29.07.14;28.07.15;29.07.16;28.07.17;27.07.18;06.08.19;31.07.20;29.07.21;28.07.22;25.07.23;30.07.24
SLB NV - EARNINGS PER SHARE-REPRT DT-Q2;AN8068571086;23.07.10;22.07.11;20.07.12;19.07.13;17.07.14;16.07.15;21.07.16;21.07.17;20.07.18;19.07.19;24.07.20;23.07.21;22.07.22;21.07.23;19.07.24
CHARLES SCHWAB CORP - EARNINGS PER SHARE-REPRT DT-Q2;US8085131055;16.07.10;18.07.11;17.07.12;16.07.13;16.07.14;16.07.15;18.07.16;18.07.17;17.07.18;16.07.19;16.07.20;16.07.21;18.07.22;18.07.23;16.07.24
POOL - EARNINGS PER SHARE-REPRT DT-Q2;US73278L1052;02.08.10;21.07.11;19.07.12;18.07.13;17.07.14;31.07.15;21.07.16;20.07.17;19.07.18;18.07.19;23.07.20;22.07.21;21.07.22;20.07.23;25.07.24
ZIMMER BIOMET HDG. - EARNINGS PER SHARE-REPRT DT-Q2;US98956P1021;22.07.10;27.07.11;26.07.12;25.07.13;24.07.14;30.07.15;28.07.16;27.07.17;27.07.18;26.07.19;04.08.20;03.08.21;02.08.22;01.08.23;07.08.24
CENCORA - EARNINGS PER SHARE-REPRT DT-Q2;US03073E1055;27.07.10;28.07.11;26.07.12;24.07.13;24.07.14;23.07.15;02.08.16;03.08.17;02.08.18;01.08.19;05.08.20;04.08.21;03.08.22;02.08.23;31.07.24
PRINCIPAL FINL.GP. - EARNINGS PER SHARE-REPRT DT-Q2;US74251V1026;02.08.10;01.08.11;26.07.12;25.07.13;24.07.14;24.07.15;28.07.16;27.07.17;01.08.18;25.07.19;27.07.20;27.07.21;08.08.22;27.07.23;25.07.24
SHERWIN-WILLIAMS - ILLIAMS CO - EARNINGS PER SHARE-REPRT DT-Q2;US8243481061;22.07.10;21.07.11;19.07.12;18.07.13;17.07.14;16.07.15;21.07.16;20.07.17;25.07.18;23.07.19;28.07.20;27.07.21;27.07.22;25.07.23;23.07.24
CENTENE CORP - EARNINGS PER SHARE-REPRT DT-Q2;US15135B1017;27.07.10;26.07.11;24.07.12;23.07.13;22.07.14;28.07.15;26.07.16;25.07.17;24.07.18;23.07.19;28.07.20;27.07.21;26.07.22;28.07.23;26.07.24
SIMON PROPERTY GROUP - EARNINGS PER SHARE-REPRT DT-Q2;US8288061091;30.07.10;26.07.11;25.07.12;29.07.13;07.08.14;05.08.15;04.08.16;01.08.17;30.07.18;31.07.19;10.08.20;02.08.21;01.08.22;02.08.23;07.08.24
SMITH (AO) - EARNINGS PER SHARE-REPRT DT-Q2;US8318652091;20.07.10;19.07.11;18.07.12;24.07.13;22.07.14;23.07.15;26.07.16;26.07.17;25.07.18;30.07.19;30.07.20;29.07.21;28.07.22;27.07.23;23.07.24
SNAP-ON - N INC - EARNINGS PER SHARE-REPRT DT-Q2;US8330341012;23.07.10;21.07.11;19.07.12;18.07.13;17.07.14;23.07.15;21.07.16;20.07.17;19.07.18;18.07.19;31.07.20;22.07.21;21.07.22;20.07.23;18.07.24
PRUDENTIAL FINL. - EARNINGS PER SHARE-REPRT DT-Q2;US7443201022;04.08.10;03.08.11;01.08.12;07.08.13;06.08.14;06.08.15;03.08.16;02.08.17;01.08.18;31.07.19;04.08.20;03.08.21;02.08.22;01.08.23;01.08.24
EDISON INTERNATIONAL - EARNINGS PER SHARE-REPRT DT-Q2;US2810201077;05.08.10;04.08.11;31.07.12;01.08.13;31.07.14;30.07.15;28.07.16;27.07.17;26.07.18;25.07.19;28.07.20;29.07.21;28.07.22;27.07.23;25.07.24
SOUTHERN CO - EARNINGS PER SHARE-REPRT DT-Q2;US8425871071;28.07.10;27.07.11;25.07.12;31.07.13;30.07.14;29.07.15;27.07.16;02.08.17;08.08.18;31.07.19;30.07.20;29.07.21;28.07.22;03.08.23;01.08.24
SOUTHWEST AIRLINES - EARNINGS PER SHARE-REPRT DT-Q2;US8447411088;29.07.10;04.08.11;19.07.12;25.07.13;24.07.14;23.07.15;21.07.16;27.07.17;26.07.18;25.07.19;23.07.20;22.07.21;28.07.22;27.07.23;25.07.24
AT&T INC - EARNINGS PER SHARE-REPRT DT-Q2;US00206R1023;22.07.10;21.07.11;24.07.12;23.07.13;23.07.14;23.07.15;21.07.16;25.07.17;24.07.18;24.07.19;23.07.20;22.07.21;21.07.22;26.07.23;24.07.24
CHEVRON CORP - EARNINGS PER SHARE-REPRT DT-Q2;US1667641005;30.07.10;29.07.11;27.07.12;02.08.13;01.08.14;31.07.15;29.07.16;28.07.17;27.07.18;02.08.19;31.07.20;30.07.21;29.07.22;23.07.23;02.08.24
STATE STREET CORP - EARNINGS PER SHARE-REPRT DT-Q2;US8574771031;20.07.10;19.07.11;17.07.12;19.07.13;22.07.14;24.07.15;27.07.16;26.07.17;20.07.18;19.07.19;17.07.20;16.07.21;15.07.22;14.07.23;16.07.24
STARBUCKS CORP - EARNINGS PER SHARE-REPRT DT-Q2;US8552441094;21.07.10;28.07.11;26.07.12;25.07.13;24.07.14;23.07.15;21.07.16;27.07.17;26.07.18;25.07.19;28.07.20;27.07.21;02.08.22;01.08.23;30.07.24
STEEL DYNAMICS, INC. - EARNINGS PER SHARE-REPRT DT-Q2;US8581191009;20.07.10;18.07.11;23.07.12;17.07.13;21.07.14;20.07.15;20.07.16;19.07.17;23.07.18;22.07.19;20.07.20;19.07.21;20.07.22;19.07.23;17.07.24
PUBLIC STORAGE - EARNINGS PER SHARE-REPRT DT-Q2;US74460D1090;05.08.10;04.08.11;02.08.12;01.08.13;01.08.14;29.07.15;27.07.16;26.07.17;01.08.18;30.07.19;05.08.20;03.08.21;04.08.22;02.08.23;30.07.24
STRYKER CORPORATION - EARNINGS PER SHARE-REPRT DT-Q2;US8636671013;20.07.10;19.07.11;18.07.12;18.07.13;24.07.14;29.07.15;21.07.16;27.07.17;25.07.18;25.07.19;30.07.20;27.07.21;26.07.22;03.08.23;30.07.24
NETFLIX - EARNINGS PER SHARE-REPRT DT-Q2;US64110L1061;21.07.10;25.07.11;24.07.12;22.07.13;21.07.14;15.07.15;18.07.16;17.07.17;16.07.18;17.07.19;16.07.20;20.07.21;19.07.22;19.07.23;18.07.24
SYNOPSYS - EARNINGS PER SHARE-REPRT DT-Q2;US8716071076;19.05.10;18.05.11;23.05.12;22.05.13;21.05.14;20.05.15;24.05.16;17.05.17;23.05.18;22.05.19;20.05.20;19.05.21;18.05.22;17.05.23;22.05.24
SYSCO - EARNINGS PER SHARE-REPRT DT-Q2;US8718291078;16.08.10;15.08.11;13.08.12;12.08.13;11.08.14;25.08.15;15.08.16;14.08.17;13.08.18;12.08.19;11.08.20;10.08.21;09.08.22;01.08.23;30.07.24
INTUITIVE SURGICAL - EARNINGS PER SHARE-REPRT DT-Q2;US46120E6023;21.07.10;19.07.11;19.07.12;18.07.13;22.07.14;22.07.15;19.07.16;20.07.17;19.07.18;18.07.19;21.07.20;20.07.21;21.07.22;20.07.23;18.07.24
TERADYNE (XSC) - EARNINGS PER SHARE-REPRT DT-Q2;US8807701029;28.07.10;27.07.11;25.07.12;24.07.13;23.07.14;30.07.15;27.07.16;26.07.17;24.07.18;23.07.19;21.07.20;27.07.21;26.07.22;26.07.23;24.07.24
TEXAS INSTRUMENTS - EARNINGS PER SHARE-REPRT DT-Q2;US8825081040;19.07.10;25.07.11;23.07.12;22.07.13;21.07.14;22.07.15;25.07.16;25.07.17;24.07.18;23.07.19;21.07.20;21.07.21;26.07.22;25.07.23;23.07.24
TEXTRON INC - EARNINGS PER SHARE-REPRT DT-Q2;US8832031012;21.07.10;20.07.11;19.07.12;17.07.13;16.07.14;28.07.15;22.07.16;19.07.17;18.07.18;17.07.19;30.07.20;29.07.21;28.07.22;27.07.23;18.07.24
THERMO FISHER SCIENTIFIC - EARNINGS PER SHARE-REPRT DT-Q2;US8835561023;27.07.10;27.07.11;25.07.12;24.07.13;23.07.14;22.07.15;28.07.16;26.07.17;25.07.18;24.07.19;22.07.20;28.07.21;28.07.22;26.07.23;24.07.24
DAVITA - EARNINGS PER SHARE-REPRT DT-Q2;US23918K1088;02.08.10;03.08.11;01.08.12;06.08.13;31.07.14;04.08.15;08.08.16;01.08.17;01.08.18;01.08.19;30.07.20;03.08.21;01.08.22;03.08.23;06.08.24
TRACTOR SUPPLY - EARNINGS PER SHARE-REPRT DT-Q2;US8923561067;21.07.10;20.07.11;25.07.12;24.07.13;23.07.14;22.07.15;20.07.16;26.07.17;26.07.18;25.07.19;23.07.20;19.07.21;21.07.22;27.07.23;25.07.24
TRIMBLE INC - EARNINGS PER SHARE-REPRT DT-Q2;US8962391004;27.07.10;02.08.11;01.08.12;30.07.13;05.08.14;04.08.15;02.08.16;02.08.17;01.08.18;02.08.19;10.08.20;04.08.21;05.08.22;03.08.23;06.08.24
TYLER TECHNOLOGIES - EARNINGS PER SHARE-REPRT DT-Q2;US9022521051;29.07.10;27.07.11;25.07.12;24.07.13;23.07.14;22.07.15;28.07.16;26.07.17;26.07.18;31.07.19;29.07.20;28.07.21;27.07.22;26.07.23;24.07.24
TYSON FOODS, INC. - EARNINGS PER SHARE-REPRT DT-Q2;US9024941034;09.08.10;08.08.11;06.08.12;05.08.13;28.07.14;03.08.15;08.08.16;07.08.17;06.08.18;05.08.19;03.08.20;09.08.21;08.08.22;07.08.23;05.08.24
UNION PACIFIC CORP - EARNINGS PER SHARE-REPRT DT-Q2;US9078181081;22.07.10;21.07.11;19.07.12;18.07.13;24.07.14;23.07.15;21.07.16;20.07.17;19.07.18;18.07.19;23.07.20;22.07.21;21.07.22;26.07.23;25.07.24
UNITEDHEALTH GROUP - EARNINGS PER SHARE-REPRT DT-Q2;US91324P1021;20.07.10;19.07.11;19.07.12;18.07.13;17.07.14;16.07.15;19.07.16;18.07.17;17.07.18;18.07.19;15.07.20;15.07.21;15.07.22;14.07.23;16.07.24
UNIVERSAL HEALTH SVC - EARNINGS PER SHARE-REPRT DT-Q2;US9139031002;26.07.10;27.07.11;26.07.12;25.07.13;24.07.14;31.07.15;27.07.16;25.07.17;25.07.18;25.07.19;27.07.20;26.07.21;25.07.22;25.07.23;24.07.24
VENTAS INC - EARNINGS PER SHARE-REPRT DT-Q2;US92276F1003;29.07.10;04.08.11;26.07.12;26.07.13;11.08.14;27.07.15;29.07.16;28.07.17;27.07.18;26.07.19;07.08.20;06.08.21;04.08.22;03.08.23;01.08.24
VERTEX PHARMA INC - EARNINGS PER SHARE-REPRT DT-Q2;US92532F1003;28.07.10;28.07.11;30.07.12;29.07.13;29.07.14;29.07.15;27.07.16;26.07.17;25.07.18;31.07.19;30.07.20;29.07.21;04.08.22;01.08.23;01.08.24
VULCAN MATERIALS - EARNINGS PER SHARE-REPRT DT-Q2;US9291601097;02.08.10;02.08.11;26.07.12;01.08.13;05.08.14;03.08.15;01.08.16;01.08.17;01.08.18;25.07.19;04.08.20;04.08.21;04.08.22;03.08.23;06.08.24
WALMART INC - EARNINGS PER SHARE-REPRT DT-Q2;US9311421039;17.08.10;16.08.11;16.08.12;15.08.13;14.08.14;18.08.15;18.08.16;17.08.17;16.08.18;15.08.19;18.08.20;17.08.21;16.08.22;17.08.23;15.08.24
WASTE MANAGEMENT - EARNINGS PER SHARE-REPRT DT-Q2;US94106L1098;29.07.10;28.07.11;26.07.12;30.07.13;29.07.14;23.07.15;27.07.16;26.07.17;25.07.18;25.07.19;30.07.20;27.07.21;27.07.22;25.07.23;24.07.24
WATERS - EARNINGS PER SHARE-REPRT DT-Q2;US9418481035;28.07.10;26.07.11;24.07.12;23.07.13;22.07.14;28.07.15;26.07.16;25.07.17;24.07.18;30.07.19;28.07.20;03.08.21;28.07.22;02.08.23;31.07.24
WEST PHARM.SVS. - EARNINGS PER SHARE-REPRT DT-Q2;US9553061055;03.08.10;28.07.11;02.08.12;01.08.13;31.07.14;30.07.15;01.08.16;26.07.17;26.07.18;25.07.19;23.07.20;29.07.21;28.07.22;27.07.23;25.07.24
J M SMUCKER - EARNINGS PER SHARE-REPRT DT-Q2;US8326964058;17.06.10;09.06.11;07.06.12;06.06.13;05.06.14;04.06.15;21.06.16;08.06.17;07.06.18;06.06.19;04.06.20;03.06.21;07.06.22;06.06.23;06.06.24
WESTERN DIGITAL - EARNINGS PER SHARE-REPRT DT-Q2;US9581021055;21.07.10;21.07.11;20.08.12;24.07.13;30.07.14;29.07.15;28.07.16;27.07.17;26.07.18;31.07.19;05.08.20;04.08.21;05.08.22;31.07.23;31.07.24
WESTINGHOUSE AIR - EARNINGS PER SHARE-REPRT DT-Q2;US9297401088;27.07.10;26.07.11;24.07.12;25.07.13;24.07.14;30.07.15;25.07.16;25.07.17;24.07.18;30.07.19;28.07.20;29.07.21;05.08.22;27.07.23;24.07.24
WEYERHAEUSER CO - EARNINGS PER SHARE-REPRT DT-Q2;US9621661043;02.08.10;29.07.11;27.07.12;26.07.13;01.08.14;31.07.15;05.08.16;28.07.17;27.07.18;26.07.19;31.07.20;30.07.21;29.07.22;27.07.23;25.07.24
SKYWORKS SOLUTIONS - EARNINGS PER SHARE-REPRT DT-Q2;US83088M1027;22.07.10;21.07.11;18.07.12;18.07.13;17.07.14;23.07.15;03.08.16;20.07.17;19.07.18;07.08.19;23.07.20;29.07.21;04.08.22;07.08.23;30.07.24
WYNN RESORTS - EARNINGS PER SHARE-REPRT DT-Q2;US9831341071;29.07.10;14.07.11;17.07.12;29.07.13;29.07.14;29.07.15;28.07.16;25.07.17;01.08.18;06.08.19;04.08.20;04.08.21;09.08.22;09.08.23;06.08.24
NASDAQ - EARNINGS PER SHARE-REPRT DT-Q2;US6311031081;27.07.10;27.07.11;25.07.12;24.07.13;24.07.14;06.08.15;27.07.16;26.07.17;25.07.18;24.07.19;22.07.20;21.07.21;20.07.22;19.07.23;25.07.24
CME GROUP INC - EARNINGS PER SHARE-REPRT DT-Q2;US12572Q1058;29.07.10;28.07.11;26.07.12;01.08.13;31.07.14;30.07.15;28.07.16;31.07.17;26.07.18;31.07.19;29.07.20;28.07.21;27.07.22;26.07.23;24.07.24
WILLIAMS COMPANIES - EARNINGS PER SHARE-REPRT DT-Q2;US9694571004;29.07.10;03.08.11;01.08.12;31.07.13;31.07.14;30.07.15;01.08.16;02.08.17;02.08.18;31.07.19;03.08.20;02.08.21;01.08.22;02.08.23;05.08.24
WILLIAMS-SONOMA - ONOMA - EARNINGS PER SHARE-REPRT DT-Q2;US9699041011;19.08.10;23.08.11;21.08.12;28.08.13;27.08.14;26.08.15;24.08.16;23.08.17;22.08.18;28.08.19;26.08.20;25.08.21;24.08.22;23.08.23;22.08.24
LKQ CORPORATION - EARNINGS PER SHARE-REPRT DT-Q2;US5018892084;29.07.10;28.07.11;26.07.12;01.08.13;31.07.14;30.07.15;28.07.16;27.07.17;26.07.18;25.07.19;30.07.20;29.07.21;28.07.22;27.07.23;25.07.24
ALLIANT ENERGY CORP - EARNINGS PER SHARE-REPRT DT-Q2;US0188021085;05.08.10;04.08.11;03.08.12;02.08.13;07.08.14;06.08.15;01.08.16;03.08.17;02.08.18;01.08.19;06.08.20;05.08.21;04.08.22;03.08.23;01.08.24
TJX COMPANIES INC - EARNINGS PER SHARE-REPRT DT-Q2;US8725401090;17.08.10;16.08.11;14.08.12;20.08.13;19.08.14;18.08.15;16.08.16;15.08.17;31.08.18;20.08.19;28.08.20;18.08.21;17.08.22;16.08.23;21.08.24
ZEBRA TECHNOLOGIES - EARNINGS PER SHARE-REPRT DT-Q2;US9892071054;05.08.10;04.08.11;31.07.12;06.08.13;05.08.14;11.08.15;09.08.16;08.08.17;07.08.18;30.07.19;28.07.20;03.08.21;02.08.22;01.08.23;30.07.24
REGIONS FINANCIAL - EARNINGS PER SHARE-REPRT DT-Q2;US7591EP1005;27.07.10;26.07.11;24.07.12;23.07.13;22.07.14;21.07.15;19.07.16;21.07.17;20.07.18;19.07.19;17.07.20;23.07.21;22.07.22;21.07.23;19.07.24
DOMINO' S PIZZA, INC - EARNINGS PER SHARE-REPRT DT-Q2;US25754A2015;27.07.10;26.07.11;24.07.12;23.07.13;22.07.14;16.07.15;21.07.16;25.07.17;19.07.18;16.07.19;16.07.20;22.07.21;21.07.22;24.07.23;18.07.24
MONOLITHIC POWER SYS - EARNINGS PER SHARE-REPRT DT-Q2;US6098391054;29.07.10;02.08.11;30.07.12;06.08.13;24.07.14;27.07.15;29.07.16;26.07.17;25.07.18;31.07.19;28.07.20;27.07.21;01.08.22;31.07.23;01.08.24
EXTRA SPACE STRG. - EARNINGS PER SHARE-REPRT DT-Q2;US30225T1025;28.07.10;28.07.11;30.07.12;01.08.13;30.07.14;29.07.15;27.07.16;01.08.17;31.07.18;30.07.19;04.08.20;27.07.21;02.08.22;03.08.23;30.07.24
LAS VEGAS SANDS - EARNINGS PER SHARE-REPRT DT-Q2;US5178341070;28.07.10;26.07.11;25.07.12;24.07.13;16.07.14;22.07.15;25.07.16;26.07.17;25.07.18;24.07.19;22.07.20;21.07.21;20.07.22;19.07.23;24.07.24
DIGITAL REALTY TST. - EARNINGS PER SHARE-REPRT DT-Q2;US2538681030;23.07.10;28.07.11;25.07.12;26.07.13;29.07.14;30.07.15;28.07.16;27.07.17;26.07.18;30.07.19;30.07.20;29.07.21;28.07.22;27.07.23;25.07.24
MOLSON COORS BEVERAGE COMPANY B - EARNINGS PER SHARE-REPRT DT-Q2;US60871R2094;03.08.10;02.08.11;07.08.12;06.08.13;06.08.14;06.08.15;02.08.16;02.08.17;01.08.18;31.07.19;30.07.20;29.07.21;02.08.22;01.08.23;06.08.24
DEXCOM - EARNINGS PER SHARE-REPRT DT-Q2;US2521311074;03.08.10;03.08.11;06.08.12;07.08.13;06.08.14;05.08.15;02.08.16;01.08.17;01.08.18;31.07.19;28.07.20;29.07.21;28.07.22;27.07.23;25.07.24
BUILDERS FIRSTSOURCE - EARNINGS PER SHARE-REPRT DT-Q2;US12008R1077;22.07.10;21.07.11;19.07.12;25.07.13;24.07.14;23.07.15;04.08.16;03.08.17;07.08.18;01.08.19;30.07.20;05.08.21;01.08.22;02.08.23;06.08.24
CF IND HLDGS INC - EARNINGS PER SHARE-REPRT DT-Q2;US1252691001;05.08.10;04.08.11;06.08.12;06.08.13;06.08.14;06.08.15;03.08.16;02.08.17;01.08.18;31.07.19;05.08.20;09.08.21;01.08.22;02.08.23;07.08.24
AMERIPRISE FINL. - EARNINGS PER SHARE-REPRT DT-Q2;US03076C1062;28.07.10;27.07.11;25.07.12;24.07.13;29.07.14;22.07.15;26.07.16;25.07.17;24.07.18;24.07.19;29.07.20;26.07.21;26.07.22;26.07.23;24.07.24
LIVE NATION ENTM. - EARNINGS PER SHARE-REPRT DT-Q2;US5380341090;05.08.10;08.08.11;07.08.12;06.08.13;30.07.14;10.08.15;28.07.16;09.08.17;26.07.18;25.07.19;05.08.20;03.08.21;04.08.22;27.07.23;30.07.24
CHIPOTLE MEXN.GRILL - EARNINGS PER SHARE-REPRT DT-Q2;US1696561059;22.07.10;19.07.11;19.07.12;18.07.13;21.07.14;22.07.15;22.07.16;25.07.17;27.07.18;23.07.19;22.07.20;20.07.21;26.07.22;26.07.23;24.07.24
TRANSDIGM GRP INC - EARNINGS PER SHARE-REPRT DT-Q2;US8936411003;11.08.10;09.08.11;07.08.12;06.08.13;05.08.14;04.08.15;09.08.16;08.08.17;07.08.18;07.08.19;04.08.20;10.08.21;09.08.22;08.08.23;06.08.24
MASTERCARD, INC. - EARNINGS PER SHARE-REPRT DT-Q2;US57636Q1040;03.08.10;03.08.11;01.08.12;31.07.13;31.07.14;29.07.15;28.07.16;27.07.17;26.07.18;30.07.19;30.07.20;29.07.21;28.07.22;27.07.23;31.07.24
FIRST SOLAR, INC. - EARNINGS PER SHARE-REPRT DT-Q2;US3364331070;29.07.10;04.08.11;01.08.12;06.08.13;05.08.14;04.08.15;03.08.16;27.07.17;26.07.18;01.08.19;06.08.20;29.07.21;28.07.22;27.07.23;30.07.24
BROADRIDGE FINANCIAL - EARNINGS PER SHARE-REPRT DT-Q2;US11133T1034;12.08.10;11.08.11;09.08.12;08.08.13;07.08.14;07.08.15;09.08.16;10.08.17;07.08.18;01.08.19;11.08.20;12.08.21;12.08.22;08.08.23;06.08.24
DELTA AIR LINES, INC - EARNINGS PER SHARE-REPRT DT-Q2;US2473617023;19.07.10;27.07.11;25.07.12;24.07.13;23.07.14;15.07.15;15.07.16;13.07.17;12.07.18;11.07.19;14.07.20;14.07.21;13.07.22;13.07.23;11.07.24
INTERACTIVE BROKERS - EARNINGS PER SHARE-REPRT DT-Q2;US45841N1072;22.07.10;21.07.11;17.07.12;09.08.13;15.07.14;21.07.15;19.07.16;18.07.17;17.07.18;16.07.19;21.07.20;20.07.21;19.07.22;18.07.23;16.07.24
INSULET CORP - EARNINGS PER SHARE-REPRT DT-Q2;US45784P1012;27.07.10;02.08.11;08.08.12;07.08.13;07.08.14;12.08.15;03.08.16;03.08.17;02.08.18;05.08.19;06.08.20;05.08.21;04.08.22;08.08.23;08.08.24
BANK OF NEW YORK - EARNINGS PER SHARE-REPRT DT-Q2;US0640581007;20.07.10;19.07.11;18.07.12;17.07.13;18.07.14;21.07.15;21.07.16;20.07.17;19.07.18;17.07.19;15.07.20;15.07.21;15.07.22;18.07.23;12.07.24
LULULEMON ATHLETIC - EARNINGS PER SHARE-REPRT DT-Q2;US5500211090;NA;NA;NA;NA;NA;NA;NA;NA;NA;NA;NA;NA;NA;NA;NA
ULTA BEAUTY INC - EARNINGS PER SHARE-REPRT DT-Q2;US90384S3031;02.09.10;08.09.11;06.09.12;12.09.13;11.09.14;27.08.15;25.08.16;24.08.17;30.08.18;29.08.19;27.08.20;25.08.21;25.08.22;24.08.23;29.08.24
INVESCO - EARNINGS PER SHARE-REPRT DT-Q2;BMG491BT1088;27.07.10;26.07.11;26.07.12;31.07.13;31.07.14;30.07.15;28.07.16;27.07.17;26.07.18;25.07.19;28.07.20;27.07.21;27.07.22;25.07.23;23.07.24
MSCI - EARNINGS PER SHARE-REPRT DT-Q2;US55354G1004;02.07.10;04.08.11;02.08.12;01.08.13;31.07.14;30.07.15;28.07.16;02.08.17;02.08.18;01.08.19;28.07.20;27.07.21;26.07.22;25.07.23;23.07.24
PHILIP MORRIS INTL. - EARNINGS PER SHARE-REPRT DT-Q2;US7181721090;22.07.10;21.07.11;19.07.12;18.07.13;17.07.14;16.07.15;19.07.16;20.07.17;19.07.18;18.07.19;21.07.20;20.07.21;21.07.22;20.07.23;23.07.24
VISA 'A' - EARNINGS PER SHARE-REPRT DT-Q2;US92826C8394;28.07.10;27.07.11;25.07.12;24.07.13;24.07.14;23.07.15;21.07.16;20.07.17;25.07.18;23.07.19;31.07.20;27.07.21;26.07.22;25.07.23;23.07.24
AMERICAN WATER WORKS - EARNINGS PER SHARE-REPRT DT-Q2;US0304201033;04.08.10;03.08.11;02.08.12;07.08.13;06.08.14;05.08.15;03.08.16;02.08.17;01.08.18;31.07.19;05.08.20;02.08.21;27.07.22;26.07.23;31.07.24
CHUBB - EARNINGS PER SHARE-REPRT DT-Q2;CH0044328745;27.07.10;27.07.11;24.07.12;23.07.13;22.07.14;22.07.15;26.07.16;25.07.17;24.07.18;23.07.19;28.07.20;27.07.21;26.07.22;25.07.23;23.07.24
MARATHON PETRO - EARNINGS PER SHARE-REPRT DT-Q2;US56585A1025;NA;09.08.11;31.07.12;01.08.13;31.07.14;30.07.15;28.07.16;27.07.17;26.07.18;01.08.19;03.08.20;04.08.21;02.08.22;01.08.23;06.08.24
MOSAIC - EARNINGS PER SHARE-REPRT DT-Q2;US61945C1036;20.05.11;19.07.11;17.07.12;18.02.14;31.07.14;04.08.15;02.08.16;01.08.17;06.08.18;06.08.19;04.08.20;02.08.21;01.08.22;01.08.23;06.08.24
KINDER MORGAN - EARNINGS PER SHARE-REPRT DT-Q2;US49456B1017;03.02.11;20.07.11;18.07.12;17.07.13;16.07.14;15.07.15;20.07.16;19.07.17;18.07.18;17.07.19;22.07.20;21.07.21;20.07.22;19.07.23;17.07.24
XYLEM - EARNINGS PER SHARE-REPRT DT-Q2;US98419M1009;NA;NA;02.08.12;30.07.13;29.07.14;30.07.15;02.08.16;01.08.17;31.07.18;01.08.19;30.07.20;03.08.21;02.08.22;02.08.23;30.07.24
STANLEY BLACK - EARNINGS PER SHARE-REPRT DT-Q2;US8545021011;21.07.10;18.07.11;18.07.12;26.07.13;25.07.14;31.07.15;25.07.16;24.07.17;20.07.18;23.07.19;31.07.20;27.07.21;28.07.22;01.08.23;30.07.24
LYONDELLBASELL - EARNINGS PER SHARE-REPRT DT-Q2;NL0009434992;20.08.10;29.07.11;27.07.12;26.07.13;25.07.14;28.07.15;29.07.16;28.07.17;03.08.18;02.08.19;31.07.20;30.07.21;29.07.22;04.08.23;02.08.24
GARMIN LTD. - EARNINGS PER SHARE-REPRT DT-Q2;CH0114405324;04.08.10;03.08.11;01.08.12;31.07.13;30.07.14;29.07.15;27.07.16;02.08.17;01.08.18;31.07.19;29.07.20;28.07.21;27.07.22;02.08.23;31.07.24
HUNTINGTON INGALLS - EARNINGS PER SHARE-REPRT DT-Q2;US4464131063;11.08.11;11.08.11;08.08.12;07.08.13;07.08.14;06.08.15;04.08.16;03.08.17;02.08.18;01.08.19;06.08.20;05.08.21;04.08.22;03.08.23;01.08.24
PROLOGIS - EARNINGS PER SHARE-REPRT DT-Q2;US74340W1036;21.07.10;28.07.11;26.07.12;24.07.13;22.07.14;31.07.15;29.07.16;18.07.17;17.07.18;16.07.19;21.07.20;19.07.21;18.07.22;18.07.23;17.07.24
EPAM SYSTE - EARNINGS PER SHARE-REPRT DT-Q2;US29414B1044;26.09.11;26.09.11;03.08.12;08.08.13;04.08.14;04.08.15;04.08.16;03.08.17;02.08.18;08.08.19;06.08.20;05.08.21;04.08.22;03.08.23;08.08.24
ACCENTURE PLC - EARNINGS PER SHARE-REPRT DT-Q2;IE00B4BNMY34;24.06.10;23.06.11;28.06.12;27.06.13;26.06.14;25.06.15;23.06.16;22.06.17;28.06.18;27.06.19;25.06.20;24.06.21;23.06.22;22.06.23;20.06.24
HCA HEALTHCARE - EARNINGS PER SHARE-REPRT DT-Q2;US40412C1018;29.07.10;25.07.11;06.08.12;16.07.13;29.07.14;05.08.15;28.07.16;25.07.17;25.07.18;30.07.19;22.07.20;20.07.21;22.07.22;27.07.23;23.07.24
VERISK ANALYTICS - EARNINGS PER SHARE-REPRT DT-Q2;US92345Y1064;04.08.10;02.08.11;31.07.12;30.07.13;29.07.14;28.07.15;02.08.16;01.08.17;31.07.18;30.07.19;04.08.20;03.08.21;02.08.22;02.08.23;31.07.24
UNITED AIR - EARNINGS PER SHARE-REPRT DT-Q2;US9100471096;20.07.10;21.07.11;26.07.12;25.07.13;24.07.14;23.07.15;19.07.16;18.07.17;17.07.18;16.07.19;21.07.20;20.07.21;20.07.22;19.07.23;17.07.24
RALPH LAUREN CL.A - EARNINGS PER SHARE-REPRT DT-Q2;US7512121010;04.08.10;10.08.11;08.08.12;07.08.13;06.08.14;05.08.15;10.08.16;08.08.17;31.07.18;30.07.19;04.08.20;03.08.21;09.08.22;10.08.23;07.08.24
NXP SEMICONDUCTORS - EARNINGS PER SHARE-REPRT DT-Q2;NL0009538784;17.08.10;28.07.11;24.07.12;31.07.13;24.07.14;30.07.15;02.08.16;03.08.17;26.07.18;30.07.19;27.07.20;02.08.21;25.07.22;24.07.23;22.07.24
TARGA RESOURCES - EARNINGS PER SHARE-REPRT DT-Q2;US87612G1013;NA;NA;NA;01.08.13;01.08.14;04.08.15;03.08.16;03.08.17;09.08.18;08.08.19;06.08.20;05.08.21;04.08.22;03.08.23;01.08.24
CBOE GLOBAL MARKETS(BTS) - EARNINGS PER SHARE-REPRT DT-Q2;US12503M1080;05.08.10;04.08.11;02.08.12;02.08.13;01.08.14;31.07.15;29.07.16;04.08.17;03.08.18;02.08.19;31.07.20;30.07.21;29.07.22;04.08.23;02.08.24
DOLLAR GENERAL - EARNINGS PER SHARE-REPRT DT-Q2;US2566771059;31.08.10;30.08.11;05.09.12;04.09.13;28.08.14;27.08.15;25.08.16;31.08.17;30.08.18;29.08.19;27.08.20;26.08.21;25.08.22;31.08.23;29.08.24
FORTINET INC - EARNINGS PER SHARE-REPRT DT-Q2;US34959E1091;22.07.10;19.07.11;25.07.12;30.07.13;23.07.14;22.07.15;28.07.16;26.07.17;01.08.18;01.08.19;06.08.20;29.07.21;03.08.22;03.08.23;06.08.24
MOTOROLA SOLUTIONS - EARNINGS PER SHARE-REPRT DT-Q2;US6200763075;29.07.10;28.07.11;25.07.12;24.07.13;05.08.14;05.08.15;04.08.16;04.08.17;02.08.18;01.08.19;06.08.20;05.08.21;04.08.22;03.08.23;01.08.24
TESLA - EARNINGS PER SHARE-REPRT DT-Q2;US88160R1014;04.08.10;03.08.11;25.07.12;07.08.13;31.07.14;05.08.15;03.08.16;02.08.17;01.08.18;24.07.19;22.07.20;26.07.21;20.07.22;19.07.23;23.07.24
GENERAC HOLDINGS - EARNINGS PER SHARE-REPRT DT-Q2;US3687361044;06.08.10;05.08.11;02.08.12;30.07.13;31.07.14;06.08.15;02.08.16;02.08.17;01.08.18;01.08.19;30.07.20;28.07.21;03.08.22;02.08.23;31.07.24
O REILLY AUTOMOTIVE - EARNINGS PER SHARE-REPRT DT-Q2;US67103H1077;28.07.10;27.07.11;25.07.12;24.07.13;23.07.14;29.07.15;27.07.16;26.07.17;25.07.18;24.07.19;29.07.20;28.07.21;27.07.22;26.07.23;24.07.24
GENERAL MOTORS CO - EARNINGS PER SHARE-REPRT DT-Q2;US37045V1008;11.08.10;04.08.11;02.08.12;25.07.13;24.07.14;23.07.15;21.07.16;25.07.17;25.07.18;01.08.19;29.07.20;04.08.21;26.07.22;25.07.23;23.07.24
CBRE GROUP - EARNINGS PER SHARE-REPRT DT-Q2;US12504L1098;27.07.10;27.07.11;31.07.12;25.07.13;29.07.14;29.07.15;28.07.16;27.07.17;02.08.18;01.08.19;31.07.20;29.07.21;04.08.22;27.07.23;25.07.24
EXPEDIA GROUP INC - EARNINGS PER SHARE-REPRT DT-Q2;US30212P3038;29.07.10;28.07.11;26.07.12;25.07.13;31.07.14;30.07.15;28.07.16;27.07.17;26.07.18;25.07.19;30.07.20;05.08.21;04.08.22;03.08.23;08.08.24
PHILLIPS 66 - EARNINGS PER SHARE-REPRT DT-Q2;US7185461040;NA;NA;01.08.12;31.07.13;30.07.14;31.07.15;29.07.16;01.08.17;27.07.18;26.07.19;31.07.20;03.08.21;29.07.22;02.08.23;30.07.24
AMERICAN TOWER CORP - EARNINGS PER SHARE-REPRT DT-Q2;US03027X1000;03.08.10;02.08.11;01.08.12;31.07.13;30.07.14;29.07.15;28.07.16;27.07.17;31.07.18;31.07.19;30.07.20;29.07.21;28.07.22;27.07.23;30.07.24
META PLATFORMS INC - EARNINGS PER SHARE-REPRT DT-Q2;US30303M1027;01.02.12;01.02.12;26.07.12;24.07.13;23.07.14;29.07.15;27.07.16;26.07.17;25.07.18;24.07.19;30.07.20;28.07.21;27.07.22;26.07.23;31.07.24
DUKE ENERGY CORP - EARNINGS PER SHARE-REPRT DT-Q2;US26441C2044;03.08.10;02.08.11;02.08.12;07.08.13;07.08.14;06.08.15;04.08.16;03.08.17;02.08.18;06.08.19;10.08.20;05.08.21;04.08.22;08.08.23;06.08.24
DIAMONDBACK - EARNINGS PER SHARE-REPRT DT-Q2;US25278X1090;NA;17.08.12;17.08.12;06.08.13;05.08.14;06.08.15;02.08.16;01.08.17;08.08.18;06.08.19;03.08.20;02.08.21;01.08.22;31.07.23;05.08.24
SERVICE - EARNINGS PER SHARE-REPRT DT-Q2;US81762P1021;NA;NA;01.08.12;31.07.13;30.07.14;29.07.15;27.07.16;26.07.17;25.07.18;24.07.19;29.07.20;28.07.21;27.07.22;26.07.23;24.07.24
PALO ALTO - EARNINGS PER SHARE-REPRT DT-Q2;US6974351057;NA;06.04.12;08.06.12;30.05.13;28.05.14;27.05.15;27.05.16;31.05.17;05.06.18;29.05.19;21.05.20;20.05.21;19.05.22;23.05.23;20.05.24
MONDELEZ INTERNATIONAL CL.A - EARNINGS PER SHARE-REPRT DT-Q2;US6092071058;05.08.10;04.08.11;02.08.12;07.08.13;06.08.14;31.07.15;27.07.16;02.08.17;26.07.18;30.07.19;28.07.20;27.07.21;26.07.22;27.07.23;30.07.24
WORKDAY CLASS A - EARNINGS PER SHARE-REPRT DT-Q2;US98138H1014;NA;30.08.12;30.08.12;27.08.13;27.08.14;26.08.15;24.08.16;30.08.17;04.09.18;29.08.19;27.08.20;26.08.21;25.08.22;24.08.23;22.08.24
EATON - EARNINGS PER SHARE-REPRT DT-Q2;IE00B8KQN827;21.07.10;25.07.11;23.07.12;02.08.13;29.07.14;29.07.15;02.08.16;01.08.17;31.07.18;30.07.19;29.07.20;03.08.21;02.08.22;01.08.23;01.08.24
ABBVIE - EARNINGS PER SHARE-REPRT DT-Q2;US00287Y1091;NA;04.09.12;04.09.12;26.07.13;25.07.14;24.07.15;29.07.16;28.07.17;27.07.18;26.07.19;31.07.20;30.07.21;29.07.22;27.07.23;25.07.24
T-MOBILE US - OBILE US INC - EARNINGS PER SHARE-REPRT DT-Q2;US8725901040;09.08.10;02.08.11;26.07.12;08.08.13;31.07.14;30.07.15;27.07.16;19.07.17;01.08.18;25.07.19;06.08.20;29.07.21;27.07.22;27.07.23;31.07.24
PTC INC - EARNINGS PER SHARE-REPRT DT-Q2;US69370C1009;27.07.10;26.07.11;25.07.12;24.07.13;23.07.14;29.07.15;20.07.16;19.07.17;18.07.18;24.07.19;29.07.20;28.07.21;27.07.22;26.07.23;31.07.24
ZOETIS - EARNINGS PER SHARE-REPRT DT-Q2;US98978V1035;NA;10.10.12;10.10.12;06.08.13;05.08.14;04.08.15;03.08.16;08.08.17;02.08.18;06.08.19;06.08.20;05.08.21;04.08.22;08.08.23;06.08.24
NORWEGIAN CRUISE LINE HDG. - EARNINGS PER SHARE-REPRT DT-Q2;BMG667211046;21.10.11;21.10.11;01.11.12;30.07.13;28.07.14;04.08.15;09.08.16;08.08.17;09.08.18;08.08.19;06.08.20;06.08.21;09.08.22;01.08.23;31.07.24
NEWS 'A' - EARNINGS PER SHARE-REPRT DT-Q2;US65249B1098;NA;NA;21.12.12;20.09.13;07.08.14;12.08.15;08.08.16;10.08.17;10.08.18;08.08.19;06.08.20;05.08.21;08.08.22;10.08.23;08.08.24
NEWS 'B' - EARNINGS PER SHARE-REPRT DT-Q2;US65249B2088;NA;NA;21.12.12;20.09.13;07.08.14;12.08.15;08.08.16;10.08.17;10.08.18;08.08.19;06.08.20;05.08.21;08.08.22;10.08.23;08.08.24
CDW CORP - EARNINGS PER SHARE-REPRT DT-Q2;US12514G1085;NA;15.08.11;10.08.12;12.08.13;31.07.14;07.08.15;03.08.16;03.08.17;02.08.18;31.07.19;05.08.20;04.08.21;03.08.22;02.08.23;31.07.24
KEURIG DR PEPPER INC - EARNINGS PER SHARE-REPRT DT-Q2;US49271V1008;29.07.10;27.07.11;26.07.12;24.07.13;24.07.14;23.07.15;27.07.16;27.07.17;08.08.18;08.08.19;30.07.20;29.07.21;28.07.22;27.07.23;25.07.24
INVITATION HOME - EARNINGS PER SHARE-REPRT DT-Q2;US46187W1071;NA;NA;NA;NA;NA;NA;17.10.16;10.08.17;09.08.18;30.07.19;03.08.20;28.07.21;27.07.22;26.07.23;24.07.24
TRADE DESK INC - EARNINGS PER SHARE-REPRT DT-Q2;US88339J1051;NA;NA;NA;NA;NA;NA;06.09.16;10.08.17;10.08.18;08.08.19;06.08.20;09.08.21;09.08.22;09.08.23;08.08.24
WILLIS TOWERS WAT - EARNINGS PER SHARE-REPRT DT-Q2;IE00BDB6Q211;28.07.10;03.08.11;01.08.12;24.07.13;29.07.14;29.07.15;09.08.16;03.08.17;06.08.18;31.07.19;30.07.20;03.08.21;28.07.22;27.07.23;25.07.24
HUBBELL INC - EARNINGS PER SHARE-REPRT DT-Q2;US4435106079;23.07.10;21.07.11;19.07.12;18.07.13;22.07.14;24.07.15;26.07.16;25.07.17;25.07.18;30.07.19;30.07.20;27.07.21;26.07.22;25.07.23;31.07.24
BAKER HUGHES CO - EARNINGS PER SHARE-REPRT DT-Q2;US05722G1004;03.08.10;25.07.11;20.07.12;19.07.13;17.07.14;21.07.15;28.07.16;28.07.17;20.07.18;31.07.19;22.07.20;21.07.21;20.07.22;19.07.23;25.07.24
LAMB WESTON HOLDIN - EARNINGS PER SHARE-REPRT DT-Q2;US5132721045;NA;NA;NA;NA;NA;NA;17.10.16;25.07.17;26.07.18;23.07.19;28.07.20;27.07.21;27.07.22;25.07.23;24.07.24
IQVIA HOLDINGS INC - EARNINGS PER SHARE-REPRT DT-Q2;US46266C1053;NA;26.04.13;26.04.13;31.07.13;31.07.14;29.07.15;27.07.16;03.08.17;24.07.18;24.07.19;22.07.20;27.07.21;21.07.22;01.08.23;22.07.24
BOOKING HOLDINGS - EARNINGS PER SHARE-REPRT DT-Q2;US09857L1089;03.08.10;04.08.11;07.08.12;08.08.13;11.08.14;05.08.15;04.08.16;08.08.17;09.08.18;07.08.19;06.08.20;04.08.21;03.08.22;03.08.23;01.08.24
AXON ENTERPRISE - EARNINGS PER SHARE-REPRT DT-Q2;US05464C1018;27.07.10;28.07.11;26.07.12;31.07.13;30.07.14;30.07.15;04.08.16;08.08.17;07.08.18;08.08.19;06.08.20;05.08.21;09.08.22;08.08.23;06.08.24
LEIDOS HOLDINGS - EARNINGS PER SHARE-REPRT DT-Q2;US5253271028;01.09.10;31.08.11;30.08.12;04.09.13;09.09.14;NA;28.07.16;03.08.17;27.07.18;30.07.19;04.08.20;03.08.21;02.08.22;01.08.23;30.07.24
BROADCOM - EARNINGS PER SHARE-REPRT DT-Q2;US11135F1012;03.06.10;24.05.11;22.05.12;29.05.13;29.05.14;10.06.15;09.06.16;01.06.17;07.06.18;14.06.19;04.06.20;03.06.21;26.05.22;01.06.23;12.06.24
TAPESTRY - EARNINGS PER SHARE-REPRT DT-Q2;US8760301072;03.08.10;02.08.11;31.07.12;30.07.13;05.08.14;04.08.15;09.08.16;15.08.17;14.08.18;15.08.19;13.08.20;19.08.21;18.08.22;17.08.23;15.08.24
EVERGY - EARNINGS PER SHARE-REPRT DT-Q2;US30034W1062;04.08.10;04.08.11;07.08.12;07.08.13;06.08.14;04.08.15;02.08.16;08.08.17;08.08.18;07.08.19;05.08.20;05.08.21;04.08.22;04.08.23;09.08.24
ALLEGION PLC - EARNINGS PER SHARE-REPRT DT-Q2;IE00BFRT3W74;NA;NA;15.08.13;15.08.13;30.07.14;30.07.15;28.07.16;27.07.17;26.07.18;25.07.19;23.07.20;22.07.21;28.07.22;26.07.23;24.07.24
INTERCONTINENTAL - EARNINGS PER SHARE-REPRT DT-Q2;US45866F1049;04.08.10;03.08.11;01.08.12;06.08.13;07.08.14;05.08.15;03.08.16;03.08.17;02.08.18;01.08.19;30.07.20;29.07.21;04.08.22;03.08.23;01.08.24
DAYFORCE - EARNINGS PER SHARE-REPRT DT-Q2;US15677J1088;NA;NA;NA;NA;NA;NA;12.04.18;12.04.18;08.08.18;30.07.19;05.08.20;04.08.21;03.08.22;02.08.23;31.07.24
STERIS - EARNINGS PER SHARE-REPRT DT-Q2;IE00BFY8C754;03.08.10;28.07.11;02.08.12;07.08.13;05.08.14;04.08.15;09.08.16;08.08.17;08.08.18;05.08.19;03.08.20;09.08.21;02.08.22;01.08.23;06.08.24
KKR AND CO. ORD. SHS. - EARNINGS PER SHARE-REPRT DT-Q2;US48251W1045;09.08.10;03.08.11;27.07.12;26.07.13;24.07.14;23.07.15;26.07.16;28.07.17;26.07.18;25.07.19;04.08.20;03.08.21;02.08.22;08.08.23;31.07.24
MODERNA INC - EARNINGS PER SHARE-REPRT DT-Q2;US60770K1079;NA;NA;NA;NA;NA;NA;NA;NA;09.10.18;07.08.19;05.08.20;05.08.21;03.08.22;03.08.23;01.08.24
CIGNA GROUP - EARNINGS PER SHARE-REPRT DT-Q2;US1255231003;05.08.10;04.08.11;02.08.12;01.08.13;31.07.14;30.07.15;29.07.16;04.08.17;02.08.18;01.08.19;30.07.20;05.08.21;04.08.22;03.08.23;01.08.24
DELL TECH - EARNINGS PER SHARE-REPRT DT-Q2;US24703L2025;NA;NA;NA;NA;NA;06.09.16;06.09.16;07.09.17;06.09.18;29.08.19;27.08.20;26.08.21;25.08.22;31.08.23;29.08.24
DOW INC - EARNINGS PER SHARE-REPRT DT-Q2;US2605571031;NA;NA;NA;NA;NA;NA;NA;07.09.18;07.09.18;25.07.19;23.07.20;22.07.21;21.07.22;25.07.23;25.07.24
AMCOR PLC - EARNINGS PER SHARE-REPRT DT-Q2;JE00BJ1F3079;26.08.10;22.08.11;21.08.12;19.08.13;19.08.14;25.08.15;25.08.16;22.08.17;20.08.18;03.09.19;18.08.20;17.08.21;17.08.22;16.08.23;15.08.24
HEALTHPEAK - EARNINGS PER SHARE-REPRT DT-Q2;US42250P1030;03.08.10;02.08.11;31.07.12;30.07.13;05.08.14;04.08.15;09.08.16;01.08.17;02.08.18;31.07.19;04.08.20;03.08.21;02.08.22;27.07.23;25.07.24
FOX CORP - EARNINGS PER SHARE-REPRT DT-Q2;US35137L1052;NA;NA;NA;NA;NA;NA;NA;NA;25.01.19;07.08.19;04.08.20;04.08.21;10.08.22;08.08.23;06.08.24
FOX CORP - EARNINGS PER SHARE-REPRT DT-Q2;US35137L2043;NA;NA;NA;NA;NA;NA;NA;NA;25.01.19;07.08.19;04.08.20;04.08.21;10.08.22;08.08.23;06.08.24
CROWDSTRIKE HOLD - EARNINGS PER SHARE-REPRT DT-Q2;US22788C1053;NA;NA;NA;NA;NA;NA;NA;NA;14.05.19;05.09.19;02.09.20;31.08.21;30.08.22;30.08.23;28.08.24
GEN DIGITAL INC - EARNINGS PER SHARE-REPRT DT-Q2;US6687711084;28.07.10;27.07.11;25.07.12;30.07.13;06.08.14;11.08.15;04.08.16;02.08.17;02.08.18;08.08.19;06.08.20;27.07.21;04.08.22;03.08.23;01.08.24
DUPONT DE NEMOURS - EARNINGS PER SHARE-REPRT DT-Q2;US26614N1028;NA;NA;NA;NA;NA;NA;26.10.17;26.10.17;02.08.18;01.08.19;30.07.20;03.08.21;02.08.22;02.08.23;31.07.24
CARRIER GLOBAL - EARNINGS PER SHARE-REPRT DT-Q2;US14448C1045;NA;NA;NA;NA;NA;NA;NA;NA;NA;30.07.20;30.07.20;29.07.21;28.07.22;27.07.23;25.07.24
OTIS WORLDWIDE - EARNINGS PER SHARE-REPRT DT-Q2;US68902V1070;NA;NA;NA;NA;NA;NA;NA;NA;NA;28.07.20;28.07.20;26.07.21;27.07.22;26.07.23;24.07.24
UBER TECHNOLOGIES - EARNINGS PER SHARE-REPRT DT-Q2;US90353T1007;NA;NA;NA;NA;NA;NA;NA;11.04.19;11.04.19;08.08.19;06.08.20;04.08.21;02.08.22;01.08.23;06.08.24
GLOBE LIFE - EARNINGS PER SHARE-REPRT DT-Q2;US37959E1029;28.07.10;27.07.11;25.07.12;24.07.13;23.07.14;27.07.15;27.07.16;26.07.17;25.07.18;24.07.19;22.07.20;21.07.21;27.07.22;26.07.23;24.07.24
CORTEVA INC - EARNINGS PER SHARE-REPRT DT-Q2;US22052L1044;NA;NA;NA;NA;NA;NA;NA;NA;01.08.19;01.08.19;05.08.20;05.08.21;04.08.22;03.08.23;01.08.24
MATCH GROUP - EARNINGS PER SHARE-REPRT DT-Q2;US57667L1070;NA;NA;NA;NA;16.10.15;16.10.15;26.07.16;02.08.17;07.08.18;06.08.19;04.08.20;03.08.21;02.08.22;01.08.23;30.07.24
L3HARRIS TECHNOLOGIES - EARNINGS PER SHARE-REPRT DT-Q2;US5024311095;03.08.10;02.08.11;31.07.12;30.07.13;29.07.14;07.08.15;02.08.16;31.07.17;31.07.18;NA;31.07.20;03.08.21;28.07.22;26.07.23;25.07.24
TRANE TECHNOLOGIES - EARNINGS PER SHARE-REPRT DT-Q2;IE00BK9ZQ967;05.08.10;21.07.11;26.07.12;24.07.13;22.07.14;28.07.15;27.07.16;26.07.17;25.07.18;30.07.19;29.07.20;04.08.21;03.08.22;02.08.23;31.07.24
BLACKSTONE - EARNINGS PER SHARE-REPRT DT-Q2;US09260D1072;21.07.10;21.07.11;19.07.12;18.07.13;17.07.14;16.07.15;04.08.16;20.07.17;19.07.18;18.07.19;23.07.20;22.07.21;21.07.22;20.07.23;02.08.24
HOWMET AEROSPACE - EARNINGS PER SHARE-REPRT DT-Q2;US4432011082;12.07.10;11.07.11;09.07.12;08.07.13;08.07.14;09.07.15;11.07.16;24.07.17;31.07.18;02.08.19;06.08.20;04.08.21;04.08.22;01.08.23;30.07.24
TRUIST FINANCIAL - EARNINGS PER SHARE-REPRT DT-Q2;US89832Q1094;22.07.10;21.07.11;19.07.12;18.07.13;21.07.14;16.07.15;21.07.16;20.07.17;19.07.18;18.07.19;16.07.20;15.07.21;19.07.22;20.07.23;22.07.24
DATADOG INC - EARNINGS PER SHARE-REPRT DT-Q2;US23804L1035;NA;NA;NA;NA;NA;NA;NA;17.09.19;17.09.19;17.09.19;06.08.20;05.08.21;04.08.22;08.08.23;08.08.24
SEAGATE TECHNOLOGY - EARNINGS PER SHARE-REPRT DT-Q2;IE00BKVD2N49;20.07.10;17.08.11;30.07.12;24.07.13;17.07.14;31.07.15;02.08.16;25.07.17;30.07.18;02.08.19;28.07.20;21.07.21;21.07.22;26.07.23;23.07.24
GENERAL ELECTRIC CO - EARNINGS PER SHARE-REPRT DT-Q2;US3696043013;16.07.10;22.07.11;20.07.12;19.07.13;18.07.14;17.07.15;22.07.16;21.07.17;20.07.18;31.07.19;29.07.20;27.07.21;26.07.22;25.07.23;23.07.24
INGERSOLL RAND - EARNINGS PER SHARE-REPRT DT-Q2;US45687V1061;NA;NA;NA;NA;NA;NA;03.05.17;02.08.17;01.08.18;31.07.19;03.08.20;28.07.21;03.08.22;02.08.23;31.07.24
GE HEALTHCARE - EARNINGS PER SHARE-REPRT DT-Q2;US36266G1076;NA;NA;NA;NA;NA;NA;NA;NA;NA;NA;NA;NA;13.09.22;25.07.23;31.07.24
PAYCOM SOFTWARE INC - EARNINGS PER SHARE-REPRT DT-Q2;US70432V1026;NA;NA;31.03.14;31.03.14;05.08.14;04.08.15;02.08.16;01.08.17;31.07.18;30.07.19;04.08.20;03.08.21;02.08.22;01.08.23;31.07.24
ARISTA NETWORKS INC - EARNINGS PER SHARE-REPRT DT-Q2;US0404132054;NA;NA;NA;NA;08.08.14;07.08.15;04.08.16;03.08.17;02.08.18;01.08.19;04.08.20;02.08.21;01.08.22;31.07.23;30.07.24
AON PLC - EARNINGS PER SHARE-REPRT DT-Q2;IE00BLP1HW54;30.07.10;29.07.11;27.07.12;26.07.13;25.07.14;31.07.15;29.07.16;04.08.17;27.07.18;26.07.19;31.07.20;30.07.21;29.07.22;28.07.23;26.07.24
PENTAIR - EARNINGS PER SHARE-REPRT DT-Q2;IE00BLS09M33;29.07.10;26.07.11;24.07.12;23.07.13;31.07.14;21.07.15;28.07.16;25.07.17;25.07.18;23.07.19;23.07.20;27.07.21;26.07.22;27.07.23;23.07.24
RTX - EARNINGS PER SHARE-REPRT DT-Q2;US75513E1010;21.07.10;20.07.11;26.07.12;23.07.13;22.07.14;21.07.15;26.07.16;25.07.17;24.07.18;23.07.19;28.07.20;27.07.21;26.07.22;25.07.23;25.07.24
WARNER BROS DISCOVERY SERIES A - EARNINGS PER SHARE-REPRT DT-Q2;US9344231041;03.08.10;04.08.11;31.07.12;30.07.13;31.07.14;05.08.15;02.08.16;31.07.17;07.08.18;06.08.19;05.08.20;03.08.21;04.08.22;03.08.23;07.08.24
TEXAS PACIFIC LAND TRUST - EARNINGS PER SHARE-REPRT DT-Q2;US88262P1021;30.07.10;28.07.11;30.07.12;30.07.13;30.07.14;30.07.15;28.07.16;31.07.17;31.07.18;31.07.19;30.07.20;05.08.21;03.08.22;02.08.23;07.08.24
COINBASE GLOBAL A - EARNINGS PER SHARE-REPRT DT-Q2;US19260Q1076;NA;NA;NA;NA;NA;NA;NA;NA;NA;25.02.21;25.02.21;10.08.21;09.08.22;03.08.23;01.08.24
AIRBNB - EARNINGS PER SHARE-REPRT DT-Q2;US0090661010;NA;NA;NA;NA;NA;NA;NA;NA;16.11.20;16.11.20;16.11.20;12.08.21;02.08.22;03.08.23;06.08.24
CONSTELLATION ENERGY - EARNINGS PER SHARE-REPRT DT-Q2;US21037T1097;NA;NA;NA;NA;NA;NA;NA;NA;NA;NA;NA;04.08.22;04.08.22;03.08.23;06.08.24
SOLVENTUM - EARNINGS PER SHARE-REPRT DT-Q2;US83444M1018;NA;NA;NA;NA;NA;NA;NA;NA;NA;NA;NA;NA;NA;NA;08.08.24
APPLOVIN A - EARNINGS PER SHARE-REPRT DT-Q2;US03831W1080;NA;NA;NA;NA;NA;NA;NA;NA;NA;07.04.21;07.04.21;11.08.21;10.08.22;09.08.23;07.08.24
VIATRIS - EARNINGS PER SHARE-REPRT DT-Q2;US92556V1061;28.07.10;27.07.11;26.07.12;01.08.13;07.08.14;06.08.15;09.08.16;09.08.17;08.08.18;29.07.19;06.08.20;09.08.21;08.08.22;07.08.23;08.08.24
CORPAY INC - EARNINGS PER SHARE-REPRT DT-Q2;US2199481068;25.03.11;15.08.11;08.08.12;01.08.13;31.07.14;05.08.15;04.08.16;03.08.17;02.08.18;06.08.19;06.08.20;04.08.21;03.08.22;08.08.23;07.08.24
EXPAND ENERGY CORP - EARNINGS PER SHARE-REPRT DT-Q2;US1651677353;03.08.10;28.07.11;06.08.12;01.08.13;05.08.14;05.08.15;04.08.16;03.08.17;01.08.18;06.08.19;10.08.20;10.08.21;02.08.22;01.08.23;29.07.24
BLACKROCK INC - EARNINGS PER SHARE-REPRT DT-Q2;US09290D1019;21.07.10;20.07.11;18.07.12;18.07.13;16.07.14;15.07.15;08.08.16;17.07.17;16.07.18;19.07.19;17.07.20;14.07.21;15.07.22;14.07.23;15.07.24
DOORDASH INC - EARNINGS PER SHARE-REPRT DT-Q2;US25809K1051;NA;NA;NA;NA;NA;NA;NA;NA;NA;02.10.20;02.10.20;12.08.21;04.08.22;02.08.23;01.08.24
APOLLO GLOB - EARNINGS PER SHARE-REPRT DT-Q2;US03769M1062;09.08.11;09.08.11;02.08.12;09.08.13;06.08.14;06.08.15;09.08.16;02.08.17;02.08.18;31.07.19;10.08.20;04.08.21;09.08.22;03.08.23;01.08.24
PALANTIR - EARNINGS PER SHARE-REPRT DT-Q2;US69608A1088;NA;NA;NA;NA;NA;NA;NA;NA;NA;14.09.20;14.09.20;12.08.21;08.08.22;07.08.23;05.08.24
FEDERAL REALTY INVST - EARNINGS PER SHARE-REPRT DT-Q2;US3137451015;04.08.10;03.08.11;01.08.12;01.08.13;07.08.14;05.08.15;04.08.16;02.08.17;01.08.18;01.08.19;05.08.20;04.08.21;04.08.22;02.08.23;01.08.24
JACOBS SOLUTIONS INC - EARNINGS PER SHARE-REPRT DT-Q2;US46982L1089;27.07.10;25.07.11;30.07.12;01.08.13;29.07.14;28.07.15;09.08.16;08.08.17;06.08.18;05.08.19;03.08.20;03.08.21;01.08.22;08.08.23;06.08.24
APA CORP (US) - EARNINGS PER SHARE-REPRT DT-Q2;US03743Q1085;20.07.10;04.08.11;02.08.12;01.08.13;31.07.14;06.08.15;04.08.16;03.08.17;02.08.18;01.08.19;29.07.20;05.08.21;04.08.22;03.08.23;01.08.24
LINDE - EARNINGS PER SHARE-REPRT DT-Q2;IE000S9YS762;28.07.10;27.07.11;25.07.12;24.07.13;23.07.14;29.07.15;28.07.16;27.07.17;26.07.18;05.08.19;30.07.20;30.07.21;28.07.22;27.07.23;02.08.24
ROBINHOOD MARKETS A - EARNINGS PER SHARE-REPRT DT-Q2;US7707001027;NA;NA;NA;NA;NA;NA;NA;NA;NA;19.07.21;19.07.21;18.08.21;02.08.22;02.08.23;07.08.24
GE VERNOVA - EARNINGS PER SHARE-REPRT DT-Q2;US36828A1016;NA;NA;NA;NA;NA;NA;NA;NA;NA;NA;NA;NA;NA;24.07.24;24.07.24
SYNCHRONY FINANCIAL - EARNINGS PER SHARE-REPRT DT-Q2;US87165B1035;NA;NA;18.07.14;18.07.14;05.09.14;17.07.15;22.07.16;21.07.17;27.07.18;19.07.19;21.07.20;20.07.21;18.07.22;18.07.23;17.07.24
VERALTO - EARNINGS PER SHARE-REPRT DT-Q2;US92338C1036;NA;NA;NA;NA;NA;NA;NA;NA;NA;NA;NA;NA;31.08.23;31.08.23;25.07.24
BUNGE GLOBAL - EARNINGS PER SHARE-REPRT DT-Q2;CH1300646267;29.07.10;28.07.11;26.07.12;25.07.13;31.07.14;30.07.15;28.07.16;02.08.17;01.08.18;31.07.19;29.07.20;28.07.21;27.07.22;02.08.23;31.07.24
KENVUE INC - EARNINGS PER SHARE-REPRT DT-Q2;US49177J1025;NA;NA;NA;NA;NA;NA;NA;NA;NA;NA;NA;NA;20.07.23;20.07.23;06.08.24
TKO GROUP HOLDINGS - EARNINGS PER SHARE-REPRT DT-Q2;US87256C1018;09.08.10;04.08.11;02.08.12;01.08.13;31.07.14;30.07.15;28.07.16;27.07.17;26.07.18;25.07.19;30.07.20;29.07.21;15.08.22;02.08.23;08.08.24
COOPER COS. - EARNINGS PER SHARE-REPRT DT-Q2;US2166485019;03.06.10;02.06.11;07.06.12;06.06.13;05.06.14;04.06.15;02.06.16;01.06.17;08.06.18;30.05.19;04.06.20;03.06.21;02.06.22;01.06.23;30.05.24
CITIZENS FINANCIAL GROUP - EARNINGS PER SHARE-REPRT DT-Q2;US1746101054;NA;NA;NA;25.09.14;25.09.14;21.07.15;21.07.16;21.07.17;20.07.18;19.07.19;17.07.20;20.07.21;19.07.22;19.07.23;17.07.24
KEYSIGHT TECHNOLOGIES - EARNINGS PER SHARE-REPRT DT-Q2;US49338L1035;NA;NA;NA;17.06.14;17.06.14;19.05.15;19.05.16;06.06.17;30.05.18;29.05.19;26.05.20;19.05.21;17.05.22;16.05.23;20.05.24
SUPER MICRO COMPUTER - EARNINGS PER SHARE-REPRT DT-Q2;US86800U3023;03.08.10;02.08.11;07.08.12;06.08.13;05.08.14;04.08.15;04.08.16;03.08.17;19.12.19;19.12.19;11.08.20;10.08.21;09.08.22;08.08.23;06.08.24
TE CONNECTIVITY PLC - EARNINGS PER SHARE-REPRT DT-Q2;IE000IVNQZ81;23.07.10;20.07.11;25.07.12;24.07.13;23.07.14;22.07.15;20.07.16;26.07.17;26.07.18;24.07.19;29.07.20;28.07.21;27.07.22;26.07.23;24.07.24
SMURFIT WEST - EARNINGS PER SHARE-REPRT DT-Q2;IE00028FXN24;10.08.10;10.08.11;01.08.12;31.07.13;30.07.14;29.07.15;27.07.16;02.08.17;01.08.18;31.07.19;29.07.20;28.07.21;27.07.22;NA;09.08.24
LABCORP HOLDINGS - EARNINGS PER SHARE-REPRT DT-Q2;US5049221055;22.07.10;21.07.11;19.07.12;19.07.13;18.07.14;28.07.15;27.07.16;26.07.17;25.07.18;25.07.19;28.07.20;29.07.21;28.07.22;27.07.23;01.08.24
BIO-TECHNE CORP - ECHNE CORP - EARNINGS PER SHARE-REPRT DT-Q2;US09073M1045;03.08.10;02.08.11;31.07.12;06.08.13;11.08.14;06.08.15;17.08.16;08.08.17;07.08.18;06.08.19;04.08.20;05.08.21;04.08.22;08.08.23;07.08.24
LAM RESEARCH CORP - EARNINGS PER SHARE-REPRT DT-Q2;US5128073062;28.07.10;27.07.11;22.08.12;31.07.13;30.07.14;29.07.15;27.07.16;26.07.17;26.07.18;31.07.19;29.07.20;28.07.21;27.07.22;26.07.23;31.07.24
PARAMOUNT - EARNINGS PER SHARE-REPRT DT-Q2;US69932A2042;03.08.10;02.08.11;02.08.12;31.07.13;07.08.14;05.08.15;28.07.16;07.08.17;02.08.18;08.08.19;06.08.20;05.08.21;04.08.22;07.08.23;08.08.24
ELEVANCE HEALTH - EARNINGS PER SHARE-REPRT DT-Q2;US0367521038;28.07.10;27.07.11;25.07.12;24.07.13;30.07.14;29.07.15;27.07.16;26.07.17;25.07.18;24.07.19;29.07.20;21.07.21;20.07.22;19.07.23;17.07.24
APTIV - EARNINGS PER SHARE-REPRT DT-Q2;JE00BTDN8H13;NA;26.01.12;31.07.12;31.07.13;31.07.14;30.07.15;03.08.16;02.08.17;31.07.18;31.07.19;30.07.20;05.08.21;04.08.22;03.08.23;01.08.24
CROWN CASTLE - EARNINGS PER SHARE-REPRT DT-Q2;US22822V1017;28.07.10;27.07.11;25.07.12;24.07.13;23.07.14;22.07.15;21.07.16;19.07.17;18.07.18;17.07.19;29.07.20;21.07.21;20.07.22;19.07.23;17.07.24
MEDTRONIC - EARNINGS PER SHARE-REPRT DT-Q2;IE00BTN1Y115;25.05.10;24.05.11;22.05.12;21.05.13;20.05.14;02.06.15;28.06.16;25.05.17;24.05.18;23.05.19;21.05.20;27.05.21;26.05.22;25.05.23;23.05.24
IRON MOUNTAIN - EARNINGS PER SHARE-REPRT DT-Q2;US46284V1017;29.07.10;28.07.11;26.07.12;01.08.13;31.07.14;30.07.15;04.08.16;28.07.17;27.07.18;01.08.19;06.08.20;05.08.21;04.08.22;03.08.23;01.08.24
EQUINIX REIT - EARNINGS PER SHARE-REPRT DT-Q2;US29444U7000;28.07.10;27.07.11;25.07.12;24.07.13;30.07.14;29.07.15;03.08.16;02.08.17;08.08.18;31.07.19;29.07.20;28.07.21;27.07.22;02.08.23;07.08.24
EVERSOURCE ENERGY - EARNINGS PER SHARE-REPRT DT-Q2;US30040W1080;03.08.10;02.08.11;30.07.12;29.07.13;31.07.14;30.07.15;28.07.16;27.07.17;31.07.18;31.07.19;30.07.20;29.07.21;28.07.22;31.07.23;31.07.24
QNITY ELECTRONICS IN - EARNINGS PER SHARE-REPRT DT-Q2;US74743L1008;NA;NA;NA;NA;NA;NA;NA;NA;NA;NA;NA;NA;NA;NA;NA
SOLSTICE ADVANCED MATERIALS- EARNINGS PER SHARE-REPRT DT-Q2;US83443Q1031;NA;NA;NA;NA;NA;NA;NA;NA;NA;NA;NA;NA;NA;NA;NA
GODADDY - EARNINGS PER SHARE-REPRT DT-Q2;US3802371076;NA;NA;NA;21.10.14;21.10.14;06.08.15;03.08.16;08.08.17;02.08.18;01.08.19;06.08.20;04.08.21;03.08.22;03.08.23;01.08.24
JOHNSON CONTROLS INTL. - EARNINGS PER SHARE-REPRT DT-Q2;IE00BY7QL619;29.07.10;28.07.11;31.07.12;26.07.13;25.07.14;31.07.15;29.07.16;27.07.17;31.07.18;31.07.19;31.07.20;30.07.21;04.08.22;02.08.23;31.07.24
BLOCK A - EARNINGS PER SHARE-REPRT DT-Q2;US8522341036;NA;NA;NA;NA;14.08.15;14.08.15;03.08.16;02.08.17;01.08.18;01.08.19;05.08.20;02.08.21;04.08.22;03.08.23;01.08.24
KRAFT HEINZ - EARNINGS PER SHARE-REPRT DT-Q2;US5007541064;NA;NA;NA;NA;10.08.15;10.08.15;04.08.16;03.08.17;03.08.18;08.08.19;30.07.20;04.08.21;27.07.22;02.08.23;31.07.24
FORTIVE CORP - EARNINGS PER SHARE-REPRT DT-Q2;US34959J1088;NA;NA;NA;NA;NA;02.08.16;02.08.16;27.07.17;26.07.18;25.07.19;28.07.20;29.07.21;28.07.22;26.07.23;24.07.24
S&P GLOBAL INC - EARNINGS PER SHARE-REPRT DT-Q2;US78409V1044;23.07.10;28.07.11;26.07.12;25.07.13;29.07.14;27.07.15;28.07.16;27.07.17;26.07.18;01.08.19;28.07.20;29.07.21;02.08.22;27.07.23;30.07.24
HILTON WORLDWIDE - EARNINGS PER SHARE-REPRT DT-Q2;US43300A2033;NA;NA;NA;18.10.13;01.08.14;29.07.15;27.07.16;26.07.17;25.07.18;24.07.19;06.08.20;29.07.21;27.07.22;26.07.23;07.08.24
ALPHABET INC - EARNINGS PER SHARE-REPRT DT-Q2;US02079K3059;15.07.10;14.07.11;19.07.12;18.07.13;17.07.14;16.07.15;28.07.16;24.07.17;24.07.18;25.07.19;31.07.20;27.07.21;26.07.22;25.07.23;23.07.24
WELLTOWER - EARNINGS PER SHARE-REPRT DT-Q2;US95040Q1040;30.07.10;04.08.11;06.08.12;06.08.13;01.08.14;04.08.15;02.08.16;28.07.17;27.07.18;31.07.19;06.08.20;29.07.21;09.08.22;31.07.23;29.07.24
HEWLETT PACKARD - EARNINGS PER SHARE-REPRT DT-Q2;US42824C1099;NA;NA;NA;NA;17.12.15;04.09.15;24.05.16;31.05.17;22.05.18;23.05.19;21.05.20;01.06.21;01.06.22;30.05.23;04.06.24
PAYPAL HOLDINGS INC - EARNINGS PER SHARE-REPRT DT-Q2;US70450Y1038;NA;NA;NA;NA;29.07.15;29.07.15;21.07.16;26.07.17;25.07.18;24.07.19;30.07.20;28.07.21;02.08.22;02.08.23;30.07.24
VICI PROPERTIES - EARNINGS PER SHARE-REPRT DT-Q2;US9256521090;NA;NA;NA;NA;NA;NA;NA;23.10.17;02.08.18;31.07.19;29.07.20;28.07.21;27.07.22;26.07.23;31.07.24
HP INC - EARNINGS PER SHARE-REPRT DT-Q2;US40434L1052;18.05.10;17.05.11;23.05.12;22.05.13;22.05.14;21.05.15;25.05.16;24.05.17;29.05.18;23.05.19;27.05.20;27.05.21;31.05.22;30.05.23;29.05.24
ALPHABET INC - EARNINGS PER SHARE-REPRT DT-Q2;US02079K1079;15.07.10;14.07.11;19.07.12;18.07.13;17.07.14;16.07.15;28.07.16;24.07.17;24.07.18;25.07.19;31.07.20;27.07.21;26.07.22;25.07.23;23.07.24
WEC ENERGY GROUP - EARNINGS PER SHARE-REPRT DT-Q2;US92939U1060;29.07.10;28.07.11;01.08.12;31.07.13;30.07.14;29.07.15;27.07.16;26.07.17;31.07.18;05.08.19;04.08.20;03.08.21;02.08.22;01.08.23;31.07.24
MONSTER BEVERAGE - EARNINGS PER SHARE-REPRT DT-Q2;US61174X1090;05.08.10;04.08.11;08.08.12;08.08.13;07.08.14;10.08.15;04.08.16;08.08.17;08.08.18;07.08.19;04.08.20;05.08.21;04.08.22;03.08.23;07.08.24
SBA COMMS. - EARNINGS PER SHARE-REPRT DT-Q2;US78410G1040;02.08.10;01.08.11;02.08.12;01.08.13;24.07.14;30.07.15;28.07.16;04.08.17;30.07.18;29.07.19;03.08.20;02.08.21;01.08.22;31.07.23;29.07.24
CHARTER COMMS.CL.A - EARNINGS PER SHARE-REPRT DT-Q2;US16119P1084;04.08.10;02.08.11;07.08.12;06.08.13;31.07.14;04.08.15;09.08.16;27.07.17;31.07.18;26.07.19;31.07.20;30.07.21;29.07.22;28.07.23;26.07.24
VISTRA - EARNINGS PER SHARE-REPRT DT-Q2;US92840M1027;NA;NA;NA;NA;NA;NA;04.08.17;04.08.17;06.08.18;02.08.19;05.08.20;05.08.21;05.08.22;09.08.23;08.08.24